"Title","Release_Date","Year","Rating","Description","Genre","Budget","Revenue","Vote_Count","Runtime","Production_Companies","Director","Cast"
"Graphic Desires","2023-08-31","2023.0","6.935","When reclusive Franklin cheats on his partner with a mysterious girl he meets on a dating app, it becomes the start of a deadly obsession.","Thriller, Crime","0","0","92","90","Paranoid Android Films, Proportion Productions, Mutiny Pictures, APL Film","Andy Edwards","David Wayman, Sian Altman, May Kelly, Ocean M Harris, Valis Volkova"
"The Shadow's Edge","2025-08-16","2025.0","7.762","Macau Police brings the tracking expert police officer out of retirement to help catch a dangerous group of professional thieves.","Action, Crime, Drama, Thriller","0","174400000","863","142","iQIYI Pictures （重复 同 iQiyi Motion Pictures）, Tao Piao Piao 淘票票, Hairun Pictures Company, Dong Fang Chen Xiang","Larry Yang","Jackie Chan, Zhang Zifeng, Tony Leung Ka-fai, Ci Sha, Jun"
"Avatar: Fire and Ash","2025-12-17","2025.0","7.585","In the wake of the devastating war against the RDA and the loss of their eldest son, Jake Sully and Neytiri face a new threat on Pandora: the Ash People, a violent and power-hungry Na'vi tribe led by the ruthless Varang. Jake's family must fight for their survival and the future of Pandora in a conflict that pushes them to their emotional and physical limits.","Science Fiction, Adventure, Fantasy","350000000","1490477656","3469","198","20th Century Studios, Lightstorm Entertainment, TSG Entertainment","James Cameron","Sam Worthington, Zoe Saldaña, Sigourney Weaver, Stephen Lang, Oona Chaplin"
"Demon Slayer: Kimetsu no Yaiba Infinity Castle","2025-07-18","2025.0","7.724","The Demon Slayer Corps are drawn into the Infinity Castle, where Tanjiro, Nezuko, and the Hashira face terrifying Upper Rank demons in a desperate fight as the final battle against Muzan Kibutsuji begins.","Animation, Action, Fantasy","20000000","733030221","863","156","ufotable, Aniplex, Shueisha","Haruo Sotozaki","Natsuki Hanae, Takahiro Sakurai, Akira Ishida, Hiro Shimono, Yoshimasa Hosoya"
"The Holy Boy","2025-09-17","2025.0","6.971","A PE teacher moves to a isolated mountain village where the people appear to live in unshakeable serenity, but soon stumbles across a disturbing ritual. Once a week, the locals are freed of their pain by a lonely boy born with the power to heal one's soul just by hugging them. Trying to rescue him from this madness, the man unleashes his dark side.","Horror, Thriller, Drama","4025000","377925","137","122","Nightswim, Fandango, Vision Distribution, MiC, Lazio Cinema International, Fondo Audiovisivo FVG, SPOK Films, Sky","Paolo Strippoli","Michele Riondino, Giulio Feltri, Paolo Pierobon, Romana Maggiora Vergano, Roberto Citran"
"Zootopia 2","2025-11-26","2025.0","7.667","After cracking the biggest case in Zootopia's history, rookie cops Judy Hopps and Nick Wilde find themselves on the twisting trail of a great mystery when Gary De'Snake arrives and turns the animal metropolis upside down. To crack the case, Judy and Nick must go undercover to unexpected new parts of town, where their growing partnership is tested like never before.","Animation, Adventure, Comedy, Mystery, Family","150000000","1868208796","2954","108","Walt Disney Animation Studios, Walt Disney Animation Studios","Jared Bush","Ginnifer Goodwin, Jason Bateman, Ke Huy Quan, Fortune Feimster, Andy Samberg"
"Dhurandhar","2025-12-05","2025.0","7.2","A mysterious traveler slips into the heart of Karachi's underbelly and rises through its ranks with lethal precision, only to tear the notorious ISI-Underworld nexus apart from within.","Action, Crime, Thriller","14330000","137246897","306","212","B62 Studios, Jio Studios","Aditya Dhar","Ranveer Singh, Akshaye Khanna, R. Madhavan, Arjun Rampal, Sanjay Dutt"
"After We Fell","2021-09-01","2021.0","7.003","Just as Tessa's life begins to become unglued, nothing is what she thought it would be. Not her friends nor her family. The only person that she should be able to rely on is Hardin, who is furious when he discovers the massive secret that she's been keeping. Before Tessa makes the biggest decision of her life, everything changes because of revelations about her family.","Drama, Romance","14000000","21753705","2746","99","Voltage Pictures, Wattpad, Vertical, Ethea Entertainment, CalMaple Films","Castille Landon","Josephine Langford, Hero Fiennes Tiffin, Carter Jenkins, Louise Lombard, Chance Perdomo"
"Mortal Kombat","2021-04-07","2021.0","7.047","Washed-up MMA fighter Cole Young, unaware of his heritage, and hunted by Emperor Shang Tsung's best warrior, Sub-Zero, seeks out and trains with Earth's greatest champions as he prepares to stand against the enemies of Outworld in a high stakes battle for the universe.","Action, Fantasy, Adventure","20000000","84426031","6786","110","Atomic Monster, Broken Road Productions, New Line Cinema","Simon McQuoid","Lewis Tan, Jessica McNamee, Mehcad Brooks, Josh Lawson, Ludi Lin"
"Ne Zha 2","2025-01-29","2025.0","8.151","After a catastrophic event leaves their bodies destroyed, Ne Zha and Ao Bing are granted a fragile second chance at life. As tensions rise between the dragon clans and celestial forces, the two must undergo a series of perilous trials that will test their bond, challenge their identities, and decide the fate of both mortals and immortals.","Animation, Action, Fantasy, Adventure","80000000","2259822417","717","144","Chengdu Coco Cartoon, Beijing Enlight Pictures, Beijing Enlight Media, Chengdu Zizai Jingjie Culture Media, Beijing Coloroom Technology","Jiao Zi","Lu Yanting, Joseph, Han Mo, Chen Hao, Lu Qi"
"The Housemaid","2025-12-18","2025.0","7.254","Trying to escape her past, Millie Calloway accepts a job as a live-in housemaid for the wealthy Nina and Andrew Winchester. But what begins as a dream job quickly unravels into something far more dangerous—a sexy, seductive game of secrets, scandal, and power.","Mystery, Thriller","35000000","399644671","2446","131","Lionsgate, Media Capital Technologies, Hidden Pictures, Pretty Dangerous Pictures","Paul Feig","Sydney Sweeney, Amanda Seyfried, Brandon Sklenar, Michele Morrone, Indiana Elle"
"War of the Worlds","2025-07-29","2025.0","4.083","Will Radford is a top analyst for Homeland Security who tracks potential threats through a mass surveillance program, until one day an attack by an unknown entity leads him to question whether the government is hiding something from him... and from the rest of the world.","Science Fiction, Thriller","10000000","0","1009","91","Universal Pictures, Bazelevs, Patrick Aiello Productions","Rich Lee","Ice Cube, Eva Longoria, Clark Gregg, Iman Benson, Henry Hunter Hall"
"Predator: Badlands","2025-11-05","2025.0","7.8","Cast out from his clan, a young Predator finds an unlikely ally in a damaged android and embarks on a treacherous journey in search of the ultimate adversary.","Action, Science Fiction, Adventure","105000000","184500000","3108","107","20th Century Studios, Lawrence Gordon Productions, Davis Entertainment, Toberoff Productions, TSG Entertainment","Dan Trachtenberg","Elle Fanning, Dimitrius Schuster-Koloamatangi, Ravi Narayan, Michael Homick, Stefan Grube"
"My Fault","2023-06-08","2023.0","7.735","Noah must leave her city, boyfriend, and friends to move into William Leister's mansion, the flashy and wealthy husband of her mother Rafaela. As a proud and independent 17 year old, Noah resists living in a mansion surrounded by luxury. However, it is there where she meets Nick, her new stepbrother, and the clash of their strong personalities becomes evident from the very beginning.","Drama, Romance, Thriller","0","0","4091","116","Pokeepsie Films, Amazon Studios","Domingo González","Nicole Wallace, Gabriel Guevara, Marta Hazas, Iván Sánchez, Eva Ruiz"
"The Wild Robot","2024-09-12","2024.0","8.314","After a shipwreck, an intelligent robot called Roz is stranded on an uninhabited island. To survive the harsh environment, Roz bonds with the island's animals and cares for an orphaned baby goose.","Family, Animation, Science Fiction, Adventure","78000000","331982078","6146","102","DreamWorks Animation","Chris Sanders","Lupita Nyong'o, Pedro Pascal, Kit Connor, Bill Nighy, Stephanie Hsu"
"KPop Demon Hunters","2025-06-20","2025.0","8.023","When K-pop superstars Rumi, Mira and Zoey aren't selling out stadiums, they're using their secret powers to protect their fans from supernatural threats.","Fantasy, Music, Comedy, Animation","100000000","24619953","2891","96","Sony Pictures Animation","Chris Appelhans","Arden Cho, May Hong, Ji-young Yoo, Ahn Hyo-seop, Yunjin Kim"
"Spider-Man: No Way Home","2021-12-15","2021.0","7.933","Peter Parker is unmasked and no longer able to separate his normal life from the high-stakes of being a super-hero. When he asks for help from Doctor Strange the stakes become even more dangerous, forcing him to discover what it truly means to be Spider-Man.","Action, Adventure, Science Fiction","200000000","2019206586","22068","148","Marvel Studios, Pascal Pictures, Columbia Pictures","Jon Watts","Tom Holland, Zendaya, Benedict Cumberbatch, Jacob Batalon, Jon Favreau"
"Deadpool & Wolverine","2024-07-24","2024.0","7.6","A listless Wade Wilson toils away in civilian life with his days as the morally flexible mercenary, Deadpool, behind him. But when his homeworld faces an existential threat, Wade must reluctantly suit-up again with an even more reluctant Wolverine.","Action, Comedy, Science Fiction","200000000","1338073645","8769","128","Marvel Studios, Maximum Effort, 21 Laps Entertainment, 20th Century Studios, Kevin Feige Productions, TSG Entertainment","Shawn Levy","Ryan Reynolds, Hugh Jackman, Emma Corrin, Matthew Macfadyen, Dafne Keen"
"Jurassic World Rebirth","2025-06-23","2025.0","6.272","Five years after the events of Jurassic World Dominion, covert operations expert Zora Bennett is contracted to lead a skilled team on a top-secret mission to secure genetic material from the world's three most massive dinosaurs. When Zora's operation intersects with a civilian family whose boating expedition was capsized, they all find themselves stranded on an island where they come face-to-face with a sinister, shocking discovery that's been hidden from the world for decades.","Science Fiction, Adventure, Action","180000000","869146189","3420","134","Universal Pictures, Amblin Entertainment","Gareth Edwards","Scarlett Johansson, Mahershala Ali, Jonathan Bailey, Rupert Friend, Manuel Garcia-Rulfo"
"F1","2025-06-25","2025.0","7.799","Racing legend Sonny Hayes is coaxed out of retirement to lead a struggling Formula 1 team—and mentor a young hotshot driver—while chasing one more chance at glory.","Action, Drama","300000000","634142436","4074","156","Plan B Entertainment, Jerry Bruckheimer Films, Dawn Apollo Films, Apple Studios, Monolith Pictures","Joseph Kosinski","Brad Pitt, Damson Idris, Javier Bardem, Kerry Condon, Tobias Menzies"
"Our Fault","2025-10-15","2025.0","7.376","Jenna and Lion's wedding brings about the long-awaited reunion between Noah and Nick after their breakup. Nick's inability to forgive Noah stands as an insurmountable barrier. He, heir to his grandfather's businesses, and she, starting her professional life, resist fueling a flame that's still alive. But now that their paths have crossed again, will love be stronger than resentment?","Romance, Drama","0","0","684","110","Pokeepsie Films, Amazon MGM Studios","Domingo González","Nicole Wallace, Gabriel Guevara, Gabriela Andrada, Marta Hazas, Goya Toledo"
"The Conjuring: Last Rites","2025-09-03","2025.0","6.935","Paranormal investigators Ed and Lorraine Warren take on one last terrifying case involving mysterious entities they must confront.","Horror","55000000","499256445","1887","136","New Line Cinema, Domain Entertainment, The Safran Company, Atomic Monster","Michael Chaves","Patrick Wilson, Vera Farmiga, Mia Tomlinson, Ben Hardy, Rebecca Calder"
"Sinners","2025-04-16","2025.0","7.499","Trying to leave their troubled lives behind, twin brothers return to their hometown to start again, only to discover that an even greater evil is waiting to welcome them back.","Horror, Action, Thriller","100000000","370000000","4639","138","Warner Bros. Pictures, Proximity Media, Domain Entertainment","Ryan Coogler","Michael B. Jordan, Hailee Steinfeld, Miles Caton, Jack O'Connell, Wunmi Mosaku"
"Now You See Me: Now You Don't","2025-11-12","2025.0","6.499","The original Four Horsemen reunite with a new generation of illusionists to take on powerful diamond heiress Veronika Vanderberg, who leads a criminal empire built on money laundering and trafficking. The new and old magicians must overcome their differences to work together on their most ambitious heist yet.","Crime, Thriller","90000000","243700000","1566","112","Lionsgate, Cohen Pictures, Media Capital Technologies, Summit Entertainment","Ruben Fleischer","Jesse Eisenberg, Dominic Sessa, Ariana Greenblatt, Justice Smith, Rosamund Pike"
"Your Fault","2024-12-26","2024.0","7.1","The love between Noah and Nick seems unwavering despite their parents' attempts to separate them. But his job and her entry into college open up their lives to new relationships that will shake the foundations of both their relationship and the Leister family itself.","Drama, Romance","0","0","1564","117","Pokeepsie Films, Amazon MGM Studios","Domingo González","Nicole Wallace, Gabriel Guevara, Marta Hazas, Iván Sánchez, Eva Ruiz"
"Despicable Me 4","2024-06-20","2024.0","7.0","Gru and Lucy and their girls—Margo, Edith and Agnes—welcome a new member to the Gru family, Gru Jr., who is intent on tormenting his dad. Gru also faces a new nemesis in Maxime Le Mal and his femme fatale girlfriend Valentina, forcing the family to go on the run.","Action, Animation, Comedy, Family, Science Fiction","100000000","972021410","3219","94","Universal Pictures, Illumination","Chris Renaud","Steve Carell, Kristen Wiig, Will Ferrell, Sofía Vergara, Miranda Cosgrove"
"Revelations","2025-03-20","2025.0","6.379","A pastor who believes in divine revelation and a detective haunted by visions pursue a missing person case — exposing their own demons in the process.","Thriller, Crime, Mystery","0","0","203","122","Wow Point, Esperanto Filmoj","Yeon Sang-ho","Ryu Jun-yeol, Shin Hyun-been, Shin Min-jae, Han Ji-hyeon, Do Yeong-seo"
"Superman","2025-07-09","2025.0","7.338","Superman, a journalist in Metropolis, embarks on a journey to reconcile his Kryptonian heritage with his human upbringing as Clark Kent.","Science Fiction, Adventure, Action","225000000","618723803","4873","130","Troll Court Entertainment, The Safran Company, DC Studios, Domain Entertainment","James Gunn","David Corenswet, Rachel Brosnahan, Nicholas Hoult, Edi Gathegi, Nathan Fillion"
"Inside Out 2","2024-06-11","2024.0","7.545","Teenager Riley's mind headquarters is undergoing a sudden demolition to make room for something entirely unexpected: new Emotions! Joy, Sadness, Anger, Fear and Disgust, who’ve long been running a successful operation by all accounts, aren’t sure how to feel when Anxiety shows up. And it looks like she’s not alone.","Animation, Adventure, Comedy, Family","200000000","1698863816","6718","97","Pixar","Kelsey Mann","Amy Poehler, Maya Hawke, Kensington Tallman, Liza Lapira, Tony Hale"
"JUJUTSU KAISEN: Execution","2025-11-07","2025.0","5.955","A veil abruptly descends over the busy Shibuya area amid the bustling Halloween crowds, trapping countless civilians inside. Satoru Gojo, the strongest jujutsu sorcerer, steps into the chaos. But lying in wait are curse users and spirits scheming to seal him away. Yuji Itadori, accompanied by his classmates and other top-tier jujutsu sorcerers, enters the fray in an unprecedented clash of curses — the Shibuya Incident. In the aftermath, ten colonies across Japan are transformed into dens of curses in a plan orchestrated by Noritoshi Kamo. As the deadly Culling Game starts, Special Grade sorcerer Yuta Okkotsu is assigned to carry out Yuji's execution for his perceived crimes. A compilation movie of Shibuya Incident including the first two episodes of the Culling Games arc.","Animation, Action, Fantasy","0","44457030","100","88","MAPPA, TOHO, MBS, Shueisha, Sumzap","Shota Goshozono","Junya Enoki, Megumi Ogata, Koji Yusa, Daisuke Namikawa, Yuma Uchida"
"The Super Mario Bros. Movie","2023-04-05","2023.0","7.605","While working underground to fix a water main, Brooklyn plumbers—and brothers—Mario and Luigi are transported down a mysterious pipe and wander into a magical new world. But when the brothers are separated, Mario embarks on an epic quest to find Luigi.","Family, Comedy, Adventure, Fantasy, Animation","100000000","1360879735","10802","93","Universal Pictures, Illumination, Nintendo","Aaron Horvath","Chris Pratt, Anya Taylor-Joy, Charlie Day, Jack Black, Keegan-Michael Key"
"The Last Viking","2025-10-09","2025.0","7.263","After serving fourteen years for robbery, Anker is released from prison and reunites with his mentally ill brother Manfred, who alone knows where the stolen money is hidden but has forgotten its location, sending them on a journey to recover the loot and confront who they are.","Comedy, Crime, Drama","0","0","137","116","Zentropa Entertainments, Film i Väst, Zentropa International Sweden","Anders Thomas Jensen","Mads Mikkelsen, Nikolaj Lie Kaas, Sofie Gråbøl, Søren Malling, Bodil Jørgensen"
"365 Days: This Day","2022-04-26","2022.0","5.942","Laura and Massimo are back and hotter than ever. But the reunited couple's new beginning is complicated by Massimo’s family ties and a mysterious man who enters Laura’s life to win her heart and trust, at any cost.","Romance, Drama","0","0","1851","110","Ekipa, Open Mind Production","Tomasz Mandes","Anna-Maria Sieklucka, Michele Morrone, Simone Susinna, Magdalena Lamparska, Otar Saralidze"
"Chainsaw Man - The Movie: Reze Arc","2025-09-19","2025.0","8.417","In a brutal war between devils, hunters, and secret enemies, a mysterious girl named Reze has stepped into Denji's world, and he faces his deadliest battle yet, fueled by love in a world where survival knows no rules.","Animation, Action, Romance, Fantasy","4100000","191400000","935","100","MAPPA","Tatsuya Yoshihara","Kikunosuke Toya, Tomori Kusunoki, Reina Ueda, Shogo Sakata, Karin Takahashi"
"The Substance","2024-09-07","2024.0","7.133","A fading celebrity decides to use a black market drug, a cell-replicating substance that temporarily creates a younger, better version of herself.","Horror, Science Fiction, Thriller","17500000","77316812","6064","141","Working Title Films, Blacksmith, Working Title Films","Coralie Fargeat","Demi Moore, Margaret Qualley, Dennis Quaid, Edward Hamilton-Clark, Gore Abrams"
"Top Gun: Maverick","2022-05-21","2022.0","8.2","After more than thirty years of service as one of the Navy’s top aviators, and dodging the advancement in rank that would ground him, Pete “Maverick” Mitchell finds himself training a detachment of TOP GUN graduates for a specialized mission the likes of which no living pilot has ever seen.","Action, Drama","170000000","1488732821","11042","131","Skydance Media, Don Simpson/Jerry Bruckheimer Films, Paramount Pictures","Joseph Kosinski","Tom Cruise, Miles Teller, Jennifer Connelly, Bashir Salahuddin, Jon Hamm"
"Worldbreaker","2025-10-30","2025.0","6.087","Five years ago, a tear in the fabric of reality brought creatures to our world from an alternate dimension bent on our destruction. A father hides his daughter on an island to keep her safe while he prepares her for survival and the battles to come. But when the world is about to break, no place is safe.","Action, Horror, Science Fiction","0","0","213","95","23ten, Gramercy Park Media, Studio507, Amasia Entertainment, Peachtree Media Partners, Northern Ireland Screen, Source Management + Production, Sugar Studios LA, Dark Castle Entertainment","Brad Anderson","Billie Boullet, Luke Evans, Milla Jovovich, Mila Harris, Kevin Glynn"
"Mission: Impossible - The Final Reckoning","2025-05-17","2025.0","7.171","Ethan Hunt and team continue their search for the terrifying AI known as the Entity — which has infiltrated intelligence networks all over the globe — with the world's governments and a mysterious ghost from Hunt's past on their trail. Joined by new allies and armed with the means to shut the Entity down for good, Hunt is in a race against time to prevent the world as we know it from changing forever.","Action, Thriller, Adventure","400000000","598767057","2863","170","Paramount Pictures, Skydance Media, TC Productions","Christopher McQuarrie","Tom Cruise, Hayley Atwell, Ving Rhames, Simon Pegg, Esai Morales"
"Spider-Man: Across the Spider-Verse","2023-05-31","2023.0","8.336","After reuniting with Gwen Stacy, Brooklyn’s full-time, friendly neighborhood Spider-Man is catapulted across the Multiverse, where he encounters the Spider Society, a team of Spider-People charged with protecting the Multiverse's very existence. But when the heroes clash on how to handle a new threat, Miles finds himself pitted against the other Spiders and must set out on his own to save those he loves most.","Animation, Action, Adventure, Science Fiction","100000000","690897910","8672","140","Columbia Pictures, Sony Pictures Animation, Lord Miller, Pascal Pictures, Arad Productions, Marvel Entertainment","Kemp Powers","Shameik Moore, Hailee Steinfeld, Brian Tyree Henry, Luna Lauren Vélez, Jake Johnson"
"Sonic the Hedgehog 3","2024-12-19","2024.0","7.616","Sonic, Knuckles, and Tails reunite against a powerful new adversary, Shadow, a mysterious villain with powers unlike anything they have faced before. With their abilities outmatched in every way, Team Sonic must seek out an unlikely alliance in hopes of stopping Shadow and protecting the planet.","Action, Science Fiction, Comedy, Family","122000000","492162604","3306","110","Paramount Pictures, Original Film, Marza Animation Planet, SEGA, Blur Studio, SEGA of America","Jeff Fowler","Ben Schwartz, Jim Carrey, Keanu Reeves, Idris Elba, Colleen O'Shaughnessey"
"How to Train Your Dragon","2025-06-06","2025.0","7.927","On the rugged isle of Berk, where Vikings and dragons have been bitter enemies for generations, Hiccup stands apart, defying centuries of tradition when he befriends Toothless, a feared Night Fury dragon. Their unlikely bond reveals the true nature of dragons, challenging the very foundations of Viking society.","Fantasy, Family, Action, Adventure","150000000","636351148","2871","125","DreamWorks Animation, Marc Platt Productions","Dean DeBlois","Mason Thames, Nico Parker, Gerard Butler, Nick Frost, Gabriel Howell"
"Kung Fu Panda 4","2024-03-02","2024.0","7.003","Po is gearing up to become the spiritual leader of his Valley of Peace, but also needs someone to take his place as Dragon Warrior. As such, he will train a new kung fu practitioner for the spot and will encounter a villain called the Chameleon who conjures villains from the past.","Action, Adventure, Animation, Comedy, Family, Fantasy","80000000","548040835","3531","94","DreamWorks Animation","Mike Mitchell","Jack Black, Awkwafina, Viola Davis, Dustin Hoffman, Bryan Cranston"
"Dune","2021-09-15","2021.0","7.78","Paul Atreides, a brilliant and gifted young man born into a great destiny beyond his understanding, must travel to the most dangerous planet in the universe to ensure the future of his family and his people. As malevolent forces explode into conflict over the planet's exclusive supply of the most precious resource in existence-a commodity capable of unlocking humanity's greatest potential-only those who can conquer their fear will survive.","Science Fiction, Adventure","165000000","410668500","14966","155","Legendary Pictures","Denis Villeneuve","Timothée Chalamet, Rebecca Ferguson, Oscar Isaac, Jason Momoa, Stellan Skarsgård"
"Redux Redux","2025-12-28","2025.0","6.704","In an attempt to avenge her daughter’s death, Irene Kelly travels through parallel universes, killing her daughter’s murderer again and again. As she becomes consumed by vengeance, her humanity begins to slip away—until the cycle is disrupted when she rescues Mia, a sharp-witted teenager already marked by the killer.","Science Fiction, Thriller, Horror, Crime","0","0","146","109","Mothership Motion Pictures","Matthew McManus","Michaela McManus, Stella Marcus, Jeremy Holm, Jim Cummings, Taylor Misiak"
"Moana 2","2024-11-21","2024.0","7.006","After receiving an unexpected call from her wayfinding ancestors, Moana journeys alongside Maui and a new crew to the far seas of Oceania and into dangerous, long-lost waters for an adventure unlike anything she's ever faced.","Adventure, Animation, Comedy, Family, Fantasy","150000000","1059242164","3096","100","Walt Disney Animation Studios, Walt Disney Animation Studios","David G. Derrick Jr.","Auliʻi Cravalho, Dwayne Johnson, Hualālai Chung, Rose Matafeo, David Fane"
"Dune: Part Two","2024-02-27","2024.0","8.126","Follow the mythic journey of Paul Atreides as he unites with Chani and the Fremen while on a path of revenge against the conspirators who destroyed his family. Facing a choice between the love of his life and the fate of the known universe, Paul endeavors to prevent a terrible future only he can foresee.","Science Fiction, Adventure","190000000","714844358","8039","167","Legendary Pictures","Denis Villeneuve","Timothée Chalamet, Zendaya, Rebecca Ferguson, Javier Bardem, Josh Brolin"
"Avatar: The Way of Water","2022-12-14","2022.0","7.595","Set more than a decade after the events of the first film, learn the story of the Sully family (Jake, Neytiri, and their kids), the trouble that follows them, the lengths they go to keep each other safe, the battles they fight to stay alive, and the tragedies they endure.","Action, Adventure, Science Fiction","460000000","2334484620","14196","192","20th Century Studios, Lightstorm Entertainment, TSG Entertainment","James Cameron","Sam Worthington, Zoe Saldaña, Sigourney Weaver, Stephen Lang, Kate Winslet"
"A Minecraft Movie","2025-03-31","2025.0","6.256","Four misfits find themselves struggling with ordinary problems when they are suddenly pulled through a mysterious portal into the Overworld: a bizarre, cubic wonderland that thrives on imagination. To get back home, they'll have to master this world while embarking on a magical quest with an unexpected, expert crafter, Steve.","Family, Fantasy, Comedy, Adventure","150000000","960387780","3033","101","Warner Bros. Pictures, Legendary Pictures, Mojang Studios, Vertigo Entertainment, On the Roam, Domain Entertainment","Jared Hess","Jason Momoa, Jack Black, Sebastian Eugene Hansen, Emma Myers, Danielle Brooks"
"Oppenheimer","2023-07-19","2023.0","8.027","The story of J. Robert Oppenheimer's role in the development of the atomic bomb during World War II.","Drama, History","100000000","952000000","11859","181","Syncopy, Universal Pictures, Atlas Entertainment, Breakheart Films, Peters Creek Entertainment","Christopher Nolan","Cillian Murphy, Emily Blunt, Matt Damon, Robert Downey Jr., Florence Pugh"
"My Fault: London","2025-02-12","2025.0","7.4","18-year-old Noah moves from America to London, with her mother who's recently fallen in love with William, a wealthy British businessman. Noah meets William’s son, bad-boy Nick, and soon discovers there is an attraction between them neither can avoid. As Noah spends the summer adjusting to her new life, her devastating past will catch up with her while falling in love for the first time.","Drama, Romance","0","0","576","119","42, Pokeepsie Films, Amazon MGM Studios, Ingenious Media","Dani Girdwood","Asha Banks, Matthew Broome, Eve Macklin, Ray Fearon, Enva Lewis"
"The Fantastic 4: First Steps","2025-07-23","2025.0","6.961","Against the vibrant backdrop of a 1960s-inspired, retro-futuristic world, Marvel's First Family is forced to balance their roles as heroes with the strength of their family bond, while defending Earth from a ravenous space god called Galactus and his enigmatic Herald, Silver Surfer.","Science Fiction, Adventure, Action","229600000","521858728","3400","115","Marvel Studios, Kevin Feige Productions","Matt Shakman","Pedro Pascal, Vanessa Kirby, Ebon Moss-Bachrach, Joseph Quinn, Ralph Ineson"
"The Batman","2022-03-01","2022.0","7.66","In his second year of fighting crime, Batman uncovers corruption in Gotham City that connects to his own family while facing a serial killer known as the Riddler.","Crime, Mystery, Thriller","185000000","772775278","11992","177","6th & Idaho Motion Picture Company, Dylan Clark Productions, DC Films, Warner Bros. Pictures","Matt Reeves","Robert Pattinson, Zoë Kravitz, Jeffrey Wright, Colin Farrell, Paul Dano"
"Everything Everywhere All at Once","2022-03-24","2022.0","7.718","An aging Chinese immigrant is swept up in an insane adventure, where she alone can save what's important to her by connecting with the lives she could have led in other universes.","Action, Adventure, Science Fiction","25000000","139200000","8018","140","IAC Films, AGBO, Ley Line Entertainment, Year of the Rat, A24","Daniel Scheinert","Michelle Yeoh, Stephanie Hsu, Ke Huy Quan, James Hong, Jamie Lee Curtis"
"The SpongeBob Movie: Search for SquarePants","2025-12-16","2025.0","6.853","Desperate to be a big guy, SpongeBob sets out to prove his bravery to Mr. Krabs by following The Flying Dutchman – a mysterious swashbuckling ghost pirate – on a seafaring adventure that takes him to the deepest depths of the deep sea, where no Sponge has gone before.","Adventure, Animation, Comedy, Family, Fantasy","64000000","163197450","300","88","Paramount Animation, Nickelodeon Movies, Domain Entertainment","Derek Drymon","Tom Kenny, Clancy Brown, Rodger Bumpass, Bill Fagerbakke, Carolyn Lawrence"
"The Gorge","2025-02-13","2025.0","7.649","Two highly trained operatives grow close from a distance after being sent to guard opposite sides of a mysterious gorge. When an evil below emerges, they must work together to survive what lies within.","Romance, Science Fiction, Thriller","70000000","0","3792","128","Skydance Media, Crooked Highway, Apple Studios","Scott Derrickson","Miles Teller, Anya Taylor-Joy, Sigourney Weaver, Ṣọpẹ́ Dìrísù, William Houston"
"Dollhouse","2025-06-13","2025.0","7.605","After losing their child, a mother finds solace in a life-sized ancient doll she finds on the market.  When a new daughter enters the family's life, strange things begin to happen and no matter how hard the family tries to get rid of it, the doll always finds its way back.","Horror, Mystery","0","11547839","95","110","TOHO Studios, Django Film","Shinobu Yaguchi","Masami Nagasawa, Koji Seto, Tetsushi Tanaka, Aoi Ikemura, Naomi Nishida"
"Ballerina","2025-06-04","2025.0","7.253","Taking place during the events of John Wick: Chapter 3 – Parabellum, Eve Macarro begins her training in the assassin traditions of the Ruska Roma.","Action, Thriller, Crime","90000000","137408107","2665","125","Thunder Road, 87Eleven, Lionsgate","Len Wiseman","Ana de Armas, Keanu Reeves, Ian McShane, Anjelica Huston, Gabriel Byrne"
"A Working Man","2025-03-26","2025.0","6.696","Levon Cade left behind a decorated military career in the black ops to live a simple life working construction. But when his boss's daughter, who is like family to him, is taken by human traffickers, his search to bring her home uncovers a world of corruption far greater than he ever could have imagined.","Action, Crime, Thriller","40000000","89400711","1942","116","Cedar Park Entertainment, BlockFilm, Punch Palace Productions, Balboa Productions, Black Bear Pictures, Fifth Season, CAT5","David Ayer","Jason Statham, Jason Flemyng, Merab Ninidze, Maximilian Osinski, Cokey Falkow"
"Hamnet","2025-11-26","2025.0","7.744","The powerful story of love and loss that inspired the creation of Shakespeare's timeless masterpiece, Hamlet.","Drama, Romance, History","30000000","107756183","1391","125","Hera Pictures, Neal Street Productions, Amblin Entertainment, Book of Shadows","Chloé Zhao","Jessie Buckley, Paul Mescal, Emily Watson, Joe Alwyn, Jacobi Jupe"
"Kantara - A Legend: Chapter 1","2025-10-01","2025.0","7.157","During the Kadamba reign, King Vijayendra, the ruler of the fictional feudatory land of Bangra, meets his final fate while venturing into the mystical forest of Kantara. Witnessing this, his son Rajashekara seals the borders of their realm. Later, Prince Kulashekara reopens them through a brutal massacre. The protagonist, Berme, in search of prosperity, crosses the divide and ignites a conflict of faith, power, and destiny between the Kingdom and Nature.","Action, Drama, Fantasy","14000000","91000000","83","165","Hombale Films","Rishab Shetty","Rishab Shetty, Rukmini Vasanth, Jayaram, Gulshan Devaiah, Ramitha Shailendra"
"Venom: The Last Dance","2024-10-22","2024.0","6.672","Eddie and Venom are on the run. Hunted by both of their worlds and with the net closing in, the duo are forced into a devastating decision that will bring the curtains down on Venom and Eddie's last dance.","Science Fiction, Action, Adventure","120000000","478937618","4258","109","Columbia Pictures, Pascal Pictures, Matt Tolmach Productions, Hutch Parker Entertainment, Arad Productions","Kelly Marcel","Tom Hardy, Chiwetel Ejiofor, Juno Temple, Rhys Ifans, Stephen Graham"
"Anaconda","2025-12-24","2025.0","5.883","A group of friends facing mid-life crises head to the rainforest with the intention of remaking their favorite movie from their youth, only to find themselves in a fight for their lives against natural disasters, giant snakes and violent criminals.","Adventure, Comedy, Horror","45000000","135148320","1218","100","Fully Formed Entertainment, Columbia Pictures, TSG Entertainment","Tom Gormican","Jack Black, Paul Rudd, Steve Zahn, Thandiwe Newton, Daniela Melchior"
"Five Nights at Freddy's 2","2025-12-03","2025.0","6.641","One year since the supernatural nightmare at Freddy Fazbear's Pizza, the stories about what transpired there have been twisted into a campy local legend, inspiring the town's first ever Fazfest. With the truth kept from her, Abby sneaks out to reconnect with Freddy, Bonnie, Chica, and Foxy, setting into motion a terrifying series of events that will reveal dark secrets about the real origin of Freddy's, and unleash a decades-hidden horror.","Horror, Thriller","36000000","239568877","989","104","Blumhouse Productions, Scott Cawthon Productions, Mind Hive Films","Emma Tammi","Josh Hutcherson, Piper Rubio, Elizabeth Lail, Matthew Lillard, Freddy Carter"
"How to Have Sex","2023-11-02","2023.0","6.2","Three British teenage girls go on a rites-of-passage holiday—drinking, clubbing and hooking up, in what should be the best summer of their lives.","Drama","0","1216642","506","91","Film4 Productions, MK2 Films, Metrol Technology, uMedia, Wild Swim Films, Heretic, Head Gear Films","Molly Manning Walker","Mia McKenna-Bruce, Lara Peake, Enva Lewis, Samuel Bottomley, Shaun Thomas"
"Through My Window","2022-02-04","2022.0","7.351","Raquel's longtime crush on her next-door neighbor turns into something more when he starts developing feelings for her, despite his family's objections.","Romance, Drama, Comedy","0","0","3348","112","Nostromo Pictures","Marçal Forés","Clara Galle, Julio Peña, Guillermo Lasheras, Natalia Azahara, Hugo Arbues"
"Tell Me What You Want","2024-11-29","2024.0","6.153","After his father's death, Eric Zimmerman travels to Spain to oversee his company's branches. In Madrid, he falls for Judith and engage in an intense, erotic relationship full of exploration. However, Eric fears his secret may end their affair.","Romance, Drama","0","2265661","291","114","Versus Entertainment, LyO Media, Warner Bros. Entertainment España, 4 Cats Pictures","Lucía Alemany","Gabriela Andrada, Mario Ermito, Celia Freijeiro, David Solans, Alba Ribas"
"The Next 365 Days","2022-08-18","2022.0","6.377","Laura and Massimo's relationship hangs in the balance as they try to overcome trust issues while a tenacious Nacho works to push them apart.","Romance, Drama","0","0","1322","112","Ekipa, Open Mind Production","Tomasz Mandes","Anna-Maria Sieklucka, Michele Morrone, Simone Susinna, Magdalena Lamparska, Otar Saralidze"
"TRON: Ares","2025-10-08","2025.0","6.496","A highly sophisticated Program called Ares is sent from the digital world into the real world on a dangerous mission, marking humankind's first encounter with A.I. beings.","Science Fiction, Adventure, Action","220000000","142249983","1435","119","Walt Disney Pictures, Sean Bailey Productions","Joachim Rønning","Jared Leto, Greta Lee, Evan Peters, Gillian Anderson, Jodie Turner-Smith"
"Barbie","2023-07-19","2023.0","6.92","Barbie and Ken are having the time of their lives in the colorful and seemingly perfect world of Barbie Land. However, when they get a chance to go to the real world, they soon discover the joys and perils of living among humans.","Comedy, Adventure, Fantasy","145000000","1447138421","11153","114","LuckyChap Entertainment, Heyday Films, NB/GG Pictures, Mattel, Warner Bros. Pictures","Greta Gerwig","Margot Robbie, Ryan Gosling, America Ferrera, Ariana Greenblatt, Issa Rae"
"John Wick: Chapter 4","2023-03-21","2023.0","7.7","With the price on his head ever increasing, John Wick uncovers a path to defeating The High Table. But before he can earn his freedom, Wick must face off against a new enemy with powerful alliances across the globe and forces that turn old friends into foes.","Action, Thriller, Crime","100000000","447316405","7974","170","Thunder Road, 87Eleven, Studio Babelsberg, Lionsgate","Chad Stahelski","Keanu Reeves, Donnie Yen, Bill Skarsgård, Ian McShane, Laurence Fishburne"
"The Running Man","2025-11-11","2025.0","6.781","Desperate to save his sick daughter, working-class Ben Richards is convinced by The Running Man's charming but ruthless producer to enter the deadly competition game as a last resort. But Ben's defiance, instincts, and grit turn him into an unexpected fan favorite — and a threat to the entire system. As ratings skyrocket, so does the danger, and Ben must outwit not just the Hunters, but a nation addicted to watching him fall.","Action, Thriller, Science Fiction","110000000","69000000","1638","133","Paramount Pictures, Complete Fiction, Genre Films, Domain Entertainment","Edgar Wright","Glen Powell, William H. Macy, Lee Pace, Michael Cera, Emilia Jones"
"Weapons","2025-08-04","2025.0","7.26","When all but one child from the same class mysteriously vanish on the same night at exactly the same time, a community is left questioning who or what is behind their disappearance.","Horror, Mystery","38000000","269972492","3483","128","Subconscious, Vertigo Entertainment, BoulderLight Pictures, New Line Cinema, Domain Entertainment","Zach Cregger","Julia Garner, Josh Brolin, Alden Ehrenreich, Austin Abrams, Benedict Wong"
"Hunting Season","2025-12-05","2025.0","6.959","When a reclusive survivalist and his daughter rescue a mysterious, wounded woman from a river, they become entangled in a deadly web of violence and revenge, forcing them to confront a brutal criminal to survive.","Action, Drama, Thriller","0","0","246","93","Beno Films (US), ETA films, Filmopoly, BondIt Media Capital, Buffalo 8, CaliWood Pictures, FluffyBear Media","Raja Collins","Mel Gibson, Shelley Hennig, Jordi Mollà, Sofia Hublitz, A.J. Buckley"
"Exit 8","2025-08-28","2025.0","6.8","A man trapped in an endless sterile subway passageway sets out to find Exit 8. The rules of his quest are simple: do not overlook anything out of the ordinary. If you discover an anomaly, turn back immediately. If you don’t, carry on. Then leave from Exit 8. But even a single oversight will send him back to the beginning. Will he ever reach his goal and escape this infinite corridor?","Horror, Mystery","1400000","43891675","461","95","TOHO, AOI Pro., Story, Lawson, Suirinsha, Tohan, Office Nino, Metro Ad Agency","Genki Kawamura","Kazunari Ninomiya, Yamato Kochi, Nana Komatsu, Naru Asanuma, Kotone Hanase"
"David","2025-12-14","2025.0","8.1","From the songs of his mother’s heart to the whispers of a faithful God, David’s story begins in quiet devotion. When the giant Goliath rises to terrorize a nation, a young shepherd armed with only a sling, a few stones, and unshakable faith steps forward. Pursued by power and driven by purpose, his journey tests the limits of loyalty, love, and courage—culminating in a battle not just for a crown, but for the soul of a kingdom.","Animation, Drama, Family, History","60900000","85865995","151","109","Sunrise Productions, Slingshot USA, Angel Studios, 2521 Entertainment","Phil Cunningham","Brandon Engman, Brian Stivale, Shahar Taboch, Aaron Tavaler, Hector"
"Girl in the Basement","2021-02-27","2021.0","7.556","Sara is a teen girl who is looking forward to her 18th birthday to move away from her controlling father Don. But before she could even blow out the candles, Don imprisons her in the basement of their home.","Thriller, Crime, TV Movie","0","0","867","88","Big Dreams Entertainment, Swirl Films, Lifetime","Elisabeth Röhm","Judd Nelson, Stefanie Scott, Joely Fisher, Braxton Bjerken, Kim Rosen"
"Solo Leveling -ReAwakening-","2024-11-26","2024.0","7.16","Over a decade after 'gates' connecting worlds appeared, awakening 'hunters' with superpowers, weakest hunter Sung Jinwoo encounters a double dungeon and accepts a mysterious quest, becoming the only one able to level up, changing his fate. A catch-up recap of the first season coupled with an exclusive sneak peek of the first two episodes of the highly anticipated second season in one momentous theatrical fan experience.","Action, Adventure, Fantasy, Animation","0","6331827","272","116","Aniplex, A-1 Pictures","Shunsuke Nakashige","Taito Ban, Genta Nakamura, Haruna Mikawa, Reina Ueda, Daisuke Hirakawa"
"Final Destination Bloodlines","2025-05-14","2025.0","7.037","Plagued by a violent recurring nightmare, college student Stefanie heads home to track down the one person who might be able to break the cycle and save her family from the grisly demise that inevitably awaits them all.","Horror, Mystery","50000000","317854739","2882","110","New Line Cinema, Practical Pictures, Freshman Year, Fireside Films, Domain Entertainment","Zach Lipovsky","Kaitlyn Santa Juana, Teo Briones, Rya Kihlstedt, Richard Harmon, Owen Patrick Joyner"
"Puss in Boots: The Last Wish","2022-12-07","2022.0","8.207","Puss in Boots discovers that his passion for adventure has taken its toll: He has burned through eight of his nine lives, leaving him with only one life left. Puss sets out on an epic journey to find the mythical Last Wish and restore his nine lives.","Animation, Adventure, Fantasy, Comedy, Family","90000000","484700000","8880","103","DreamWorks Animation","Joel Crawford","Antonio Banderas, Salma Hayek Pinault, Harvey Guillén, Wagner Moura, Florence Pugh"
"Fall","2022-08-11","2022.0","7.141","For best friends Becky and Hunter, life is all about conquering fears and pushing limits. But after they climb 2,000 feet to the top of a remote, abandoned radio tower, they find themselves stranded with no way down. Now Becky and Hunter's expert climbing skills will be put to the ultimate test as they desperately fight to survive the elements, a lack of supplies, and vertigo-inducing heights.","Thriller","3000000","17363261","4636","107","Tea Shop Productions, Capstone Pictures, Eagle Films","Scott Mann","Grace Caroline Currey, Virginia Gardner, Jeffrey Dean Morgan, Mason Gooding, Jasper Cole"
"Rodrigue in Love","2025-06-18","2025.0","6.2","A struggling actor, Stéphane arrives with his troupe at the Avignon Festival to perform a boulevard play. There, he meets Fanny, a renowned actress, and falls under her spell. Taking advantage of a misunderstanding to get closer to her, Stéphane sinks into a lie that he will have to keep going for the duration of the festival... but which will quickly overwhelm him!","Comedy, Family","0","0","138","102","Nolita","Johann Dionnet","Baptiste Lecaplain, Élisa Erka, Romain Francisco, Amaury de Crayencour, Ariane Mourier"
"Aquaman and the Lost Kingdom","2023-12-20","2023.0","6.524","Black Manta seeks revenge on Aquaman for his father's death. Wielding the Black Trident's power, he becomes a formidable foe. To defend Atlantis, Arthur (Aquaman) forges an alliance with his imprisoned brother. They must protect the kingdom.","Action, Adventure, Fantasy","205000000","440181226","3505","124","Warner Bros. Pictures, The Safran Company, Atomic Monster, DC Films, Domain Entertainment","James Wan","Jason Momoa, Patrick Wilson, Yahya Abdul-Mateen II, Randall Park, Amber Heard"
"Frankenstein","2025-10-17","2025.0","7.636","Dr. Victor Frankenstein, a brilliant but egotistical scientist, brings a creature to life in a monstrous experiment that ultimately leads to the undoing of both the creator and his tragic creation.","Drama, Fantasy, Horror","120000000","480678","3506","150","Double Dare You, Demilo Films, Bluegrass 7","Guillermo del Toro","Oscar Isaac, Jacob Elordi, Christoph Waltz, Mia Goth, Felix Kammerer"
"Wicked","2024-10-16","2024.0","6.907","In the land of Oz, ostracized and misunderstood green-skinned Elphaba is forced to share a room with the popular aristocrat Glinda at Shiz University, and the two's unlikely friendship is tested as they begin to fulfill their respective destinies as Glinda the Good and the Wicked Witch of the West.","Drama, Romance, Fantasy","150000000","758827029","3057","162","Universal Pictures, Marc Platt Productions","Jon M. Chu","Cynthia Erivo, Ariana Grande, Michelle Yeoh, Jonathan Bailey, Ethan Slater"
"Marty Supreme","2025-12-19","2025.0","7.387","Marty Mauser, a young man with a dream no one respects, goes to hell and back in pursuit of greatness.","Drama, Thriller","65000000","191303074","1848","150","A24, Central Pictures","Josh Safdie","Timothée Chalamet, Gwyneth Paltrow, Odessa A'zion, Kevin O'Leary, Tyler, The Creator"
"Saiyaara","2025-07-18","2025.0","6.412","Two artistic souls find harmony through music despite their contrasting worlds. As feelings deepen, age and circumstances challenge their undeniable bond.","Romance, Drama, Music","5500000","63539300","141","150","Yash Raj Films","Mohit Suri","Ahaan Panday, Aneet Padda, Alam Khan, Rajesh Kumar, Geeta Agrawal Sharma"
"Fast X","2023-05-17","2023.0","6.994","Over many missions and against impossible odds, Dom Toretto and his family have outsmarted, out-nerved and outdriven every foe in their path. Now, they confront the most lethal opponent they've ever faced: A terrifying threat emerging from the shadows of the past who's fueled by blood revenge, and who is determined to shatter this family and destroy everything—and everyone—that Dom loves, forever.","Action, Crime, Thriller","340000000","704709660","6342","142","Universal Pictures, Original Film, One Race, Perfect Storm Entertainment","Louis Leterrier","Vin Diesel, Michelle Rodriguez, Tyrese Gibson, Ludacris, John Cena"
"Snow White","2025-03-19","2025.0","4.3","Following the benevolent King's disappearance, the Evil Queen dominated the once fair land with a cruel streak. Princess Snow White flees the castle when the Queen, in her jealousy over Snow White's inner beauty, tries to kill her. Deep into the dark woods, she stumbles upon seven magical dwarves and a young bandit named Jonathan. Together, they strive to survive the Queen's relentless pursuit and aspire to take back the kingdom.","Family, Fantasy","271600000","205679463","1648","109","Walt Disney Pictures, Marc Platt Productions","Marc Webb","Rachel Zegler, Gal Gadot, Andrew Burnap, Andrew Barth Feldman, Emilia Faucher"
"365 Days","2020-02-07","2020.0","6.993","A woman falls victim to a dominant mafia boss, who imprisons her and gives her one year to fall in love with him.","Romance, Drama, Crime","0","9458590","9526","114","Ekipa, Future Space, Next Film, TVN","Barbara Białowąs","Anna-Maria Sieklucka, Michele Morrone, Bronisław Wrocławski, Otar Saralidze, Magdalena Lamparska"
"I Am Frankelda","2025-10-23","2025.0","8.33","A gifted young writer in 19th-century Mexico journeys into her subconscious and comes face to face with characters from her own spooky stories.","Animation, Family, Fantasy, Horror, Adventure","0","2709440","91","104","Cinema Fantasma, Cine Vendaval, Woo Films","Arturo Ambriz","Mireya Mendoza, Arturo Mercado Jr., Luis Leonardo Suarez, Gaby Cárdenas, Beto Castillo"
"Godzilla x Kong: The New Empire","2024-03-27","2024.0","7.047","Following their explosive showdown, Godzilla and Kong must reunite against a colossal undiscovered threat hidden within our world, challenging their very existence – and our own.","Action, Adventure, Science Fiction","150000000","571750016","4692","115","Legendary Pictures","Adam Wingard","Rebecca Hall, Brian Tyree Henry, Dan Stevens, Kaylee Hottle, Alex Ferns"
"Mufasa: The Lion King","2024-12-18","2024.0","7.3","Mufasa, a cub lost and alone, meets a sympathetic lion named Taka, the heir to a royal bloodline. The chance meeting sets in motion an expansive journey of a group of misfits searching for their destiny.","Adventure, Family, Animation","200000000","722631756","2674","118","Walt Disney Pictures","Barry Jenkins","Aaron Pierre, Kelvin Harrison Jr., Tiffany Boone, Kagiso Lediga, Preston Nyman"
"One Battle After Another","2025-09-23","2025.0","7.353","Washed-up revolutionary Bob exists in a state of stoned paranoia, surviving off-grid with his spirited, self-reliant daughter, Willa. When his evil nemesis resurfaces after 16 years and she goes missing, the former radical scrambles to find her, father and daughter both battling the consequences of his past.","Thriller, Crime, Comedy","175000000","209377100","3788","162","Warner Bros. Pictures, Ghoulardi Film Company, Domain Entertainment","Paul Thomas Anderson","Leonardo DiCaprio, Sean Penn, Chase Infiniti, Benicio del Toro, Regina Hall"
"Lilo & Stitch","2025-05-17","2025.0","7.2","The wildly funny and touching story of a lonely Hawaiian girl and the fugitive alien who helps to mend her broken family.","Family, Science Fiction, Comedy","100000000","1038027526","2177","108","Walt Disney Pictures, Rideback","Dean Fleischer Camp","Maia Kealoha, Sydney Agudong, Chris Sanders, Zach Galifianakis, Billy Magnussen"
"Rocky Aur Rani Kii Prem Kahaani","2023-07-08","2023.0","6.152","Gym-freak brat Rocky falls in love with Rani, who comes from a well-educated Bengali family. Being from polar opposite worlds, the two decide to switch their families to adjust to each other's cultures and backgrounds and to know if their marriage will survive. Rocky and Rani are trapped in a world where they are united by love but divided by families and the ultimate question is will they fit in?","Comedy, Drama, Family, Romance","0","0","88","168","Dharma Productions, Viacom18 Studios","Karan Johar","Alia Bhatt, Ranveer Singh, Jaya Bachchan, Shabana Azmi, Dharmendra"
"Bodies Bodies Bodies","2022-08-05","2022.0","6.152","In an isolated family mansion, a group of rich 20-somethings decides to play Bodies Bodies Bodies, a game where one of them is secretly a ""killer"" while the rest tries to ""escape"". Things take a turn for the worse when real bodies start turning up, setting off a paranoid and dangerous chain of events.","Comedy, Mystery, Horror","3000000","13929670","1468","94","A24, 2AM","Halina Reijn","Amandla Stenberg, Maria Bakalova, Myha'la, Rachel Sennott, Chase Sui Wonders"
"Black Phone 2","2025-10-15","2025.0","6.695","Four years after defeating The Grabber, Finney Blake is struggling with life after captivity. When his younger sister Gwen begins receiving calls in her dreams from the Black Phone and seeing disturbing visions of three boys being stalked at a winter camp, the siblings become determined to solve the mystery and confront a killer who has grown more powerful in death and more significant to them than either could imagine.","Horror, Thriller","30000000","132675749","1153","114","Blumhouse Productions, Crooked Highway, Universal Pictures","Scott Derrickson","Ethan Hawke, Mason Thames, Madeleine McGraw, Demián Bichir, Miguel Mora"
"The Crucifix: Blood of the Exorcist","2025-01-09","2025.0","5.603","A gruesome discovery in the grounds of their new home plunges a young couple into a maelstrom of spiritual possession, pagan rituals, Viking battles, and violent revenge.","Horror","100000","82873","58","92","Equalize Entertainment","Stephen Roach","Hannaj Bang Bendz, Dean Kilbey, Nicholas Anscombe, Tom Carter, Darren Le Fevre"
"Captain America: Brave New World","2025-02-12","2025.0","5.971","After meeting with newly elected U.S. President Thaddeus Ross, Sam finds himself in the middle of an international incident. He must discover the reason behind a nefarious global plot before the true mastermind has the entire world seeing red.","Action, Thriller, Science Fiction","180000000","415101577","3116","119","Marvel Studios, Kevin Feige Productions","Julius Onah","Anthony Mackie, Harrison Ford, Danny Ramirez, Shira Haas, Tim Blake Nelson"
"Past Lives","2023-06-02","2023.0","7.7","After decades apart, childhood friends Nora and Hae Sung are reunited in New York for one fateful weekend as they confront notions of destiny, love, and the choices that make a life.","Drama, Romance","12000000","28126646","2337","106","A24, Killer Films, 2AM, CJ ENM","Celine Song","Greta Lee, Teo Yoo, John Magaro, Moon Seung-ah, Leem Seung-min"
"The Bad Guys 2","2025-07-24","2025.0","7.661","The now-reformed Bad Guys are trying (very, very hard) to be good, but instead find themselves hijacked into a high-stakes, globe-trotting heist, masterminded by a new team of criminals they never saw coming: The Bad Girls.","Family, Comedy, Crime, Adventure, Animation","80000000","239676236","790","104","DreamWorks Animation","Pierre Perifel","Sam Rockwell, Marc Maron, Awkwafina, Craig Robinson, Anthony Ramos"
"I Swear","2025-09-22","2025.0","8.243","Diagnosed with Tourette Syndrome at 15, John Davidson navigates his way against the odds through troubled teenage years and into adulthood, finding inspiration in the kindness of others to discover his true purpose in life.","Drama, History","3730000","15564405","352","121","One Story High, Tempo Productions, StudioCanal UK, Sony Pictures Classics","Kirk Jones","Robert Aramayo, Maxine Peake, Peter Mullan, Shirley Henderson, Scott Ellis Watson"
"Guardians of the Galaxy Vol. 3","2023-05-03","2023.0","7.931","Peter Quill, still reeling from the loss of Gamora, must rally his team around him to defend the universe along with protecting one of their own. A mission that, if not completed successfully, could quite possibly lead to the end of the Guardians as we know them.","Science Fiction, Adventure, Action","250000000","845550000","8377","150","Marvel Studios, Kevin Feige Productions","James Gunn","Chris Pratt, Zoe Saldaña, Dave Bautista, Karen Gillan, Pom Klementieff"
"Doctor Strange in the Multiverse of Madness","2022-05-04","2022.0","7.231","Doctor Strange, with the help of mystical allies both old and new, traverses the mind-bending and dangerous alternate realities of the Multiverse to confront a mysterious new adversary.","Fantasy, Action, Adventure","290000000","955775804","10376","126","Marvel Studios, Kevin Feige Productions","Sam Raimi","Benedict Cumberbatch, Xochitl Gomez, Elizabeth Olsen, Chiwetel Ejiofor, Benedict Wong"
"Meg 2: The Trench","2023-08-02","2023.0","6.375","An exploratory dive into the deepest depths of the ocean of a daring research team spirals into chaos when a malevolent mining operation threatens their mission and forces them into a high-stakes battle for survival.","Action, Science Fiction, Horror","129000000","398500317","3994","116","Apelles Entertainment, Warner Bros. Pictures, di Bonaventura Pictures, CMC Pictures, Onaroll Productions, DF Pictures","Ben Wheatley","Jason Statham, Wu Jing, Shuya Sophia Cai, Page Kennedy, Sergio Peris-Mencheta"
"Cruella","2021-05-26","2021.0","7.972","In 1970s London amidst the punk rock revolution, a young grifter named Estella is determined to make a name for herself with her designs. She befriends a pair of young thieves who appreciate her appetite for mischief, and together they are able to build a life for themselves on the London streets. One day, Estella’s flair for fashion catches the eye of the Baroness von Hellman, a fashion legend who is devastatingly chic and terrifyingly haute. But their relationship sets in motion a course of events and revelations that will cause Estella to embrace her wicked side and become the raucous, fashionable and revenge-bent Cruella.","Comedy, Crime, Drama","200000000","233503234","10082","134","Walt Disney Pictures, Gunn Films, Marc Platt Productions","Craig Gillespie","Emma Stone, Emma Thompson, Joel Fry, Paul Walter Hauser, John McCrea"
"Sisu: Road to Revenge","2025-10-21","2025.0","7.303","Returning to the house where his family was brutally murdered during the war, ""the man who refuses to die"" dismantles it, loads it on a truck, and is determined to rebuild it somewhere safe in their honor. When the commander who killed his family comes back hellbent on finishing the job, a relentless, eye-popping cross-country chase ensues.","Action, War, Thriller","12200000","9811703","791","89","Cosmic Snowball, Good Chaos, Subzero Film Entertainment","Jalmari Helander","Jorma Tommila, Stephen Lang, Richard Brake, Tommi Korpela, Kaspar Velberg"
"Exhuma","2024-02-22","2024.0","7.609","After tracing the origin of a disturbing supernatural affliction to a wealthy family's ancestral gravesite, a team of paranormal experts relocates the remains—and soon discovers what happens to those who dare to mess with the wrong grave.","Mystery, Horror, Thriller","0","97974828","711","134","Showbox, MCMC, Pinetown Production","Jang Jae-hyun","Choi Min-sik, Kim Go-eun, Yoo Hai-jin, Lee Do-hyun, Kim Jae-chul"
"Greenland","2020-07-29","2020.0","7.129","John Garrity, his estranged wife and their young son embark on a perilous journey to find sanctuary as a planet-killing comet hurtles toward Earth. Amid terrifying accounts of cities getting levelled, the Garritys experience the best and worst in humanity. As the countdown to the global apocalypse approaches zero, their incredible trek culminates in a desperate and last-minute flight to a possible safe haven.","Thriller, Adventure, Action, Science Fiction","34000000","52300000","5342","120","STXfilms, Anton, Thunder Road, G-BASE, Riverstone Pictures","Ric Roman Waugh","Gerard Butler, Morena Baccarin, David Denman, Hope Davis, Roger Dale Floyd"
"Flag Day","2021-08-20","2021.0","5.75","A father lives a double life as a counterfeiter, bank robber and con man in order to provide for his daughter.","Drama, Thriller, Crime","0","0","168","108","Ingenious Media, New Element Media, RocketScience, Wonderful Films, Rahway Road Productions, Clyde Is Hungry Films, Conqueror Productions, Buffalo Gal Pictures","Sean Penn","Sean Penn, Dylan Penn, Hopper Penn, Josh Brolin, Katheryn Winnick"
"The Boy and the Heron","2023-07-14","2023.0","7.402","While the Second World War rages, the teenage Mahito, haunted by his mother's tragic death, is relocated from Tokyo to the serene rural home of his new stepmother Natsuko, a woman who bears a striking resemblance to the boy's mother.  As he tries to adjust, this strange new world grows even stranger following the appearance of a persistent gray heron, who perplexes and bedevils Mahito, dubbing him the ""long-awaited one.""","Animation, Fantasy, Drama","50000000","294200000","2646","124","Studio Ghibli","Hayao Miyazaki","Soma Santoki, Masaki Suda, Ko Shibasaki, Aimyon, Yoshino Kimura"
"Wrath of Man","2021-04-22","2021.0","7.574","A cold and mysterious new security guard for a Los Angeles cash truck company surprises his co-workers when he unleashes precision skills during a heist. The crew is left wondering who he is and where he came from. Soon, the marksman's ultimate motive becomes clear as he takes dramatic and irrevocable steps to settle a score.","Thriller, Crime, Drama","40000000","103966489","6117","119","Miramax, Toff Guy Films","Guy Ritchie","Jason Statham, Holt McCallany, Rocci Williams, Josh Hartnett, Jeffrey Donovan"
"The Tomorrow War","2021-09-03","2021.0","7.497","The world is stunned when a group of time travelers arrive from the year 2051 to deliver an urgent message: Thirty years in the future, mankind is losing a global war against a deadly alien species. The only hope for survival is for soldiers and civilians from the present to be transported to the future and join the fight. Among those recruited is high school teacher and family man Dan Forester. Determined to save the world for his young daughter, Dan teams up with a brilliant scientist and his estranged father in a desperate quest to rewrite the fate of the planet.","Action, Science Fiction, Adventure","200000000","14400000","4193","138","Skydance Media, Phantom Four, Lit Entertainment Group","Chris McKay","Chris Pratt, Yvonne Strahovski, J.K. Simmons, Betty Gilpin, Sam Richardson"
"Elemental","2023-06-14","2023.0","7.576","In a city where fire, water, land and air residents live together, a fiery young woman and a go-with-the-flow guy will discover something elemental: how much they have in common.","Animation, Comedy, Family, Fantasy, Romance","200000000","496444308","5311","102","Pixar","Peter Sohn","Leah Lewis, Mamoudou Athie, Ronnie del Carmen, Shila Ommi, Wendi McLendon-Covey"
"No Time to Die","2021-09-29","2021.0","7.339","Bond has left active service and is enjoying a tranquil life in Jamaica. His peace is short-lived when his old friend Felix Leiter from the CIA turns up asking for help. The mission to rescue a kidnapped scientist turns out to be far more treacherous than expected, leading Bond onto the trail of a mysterious villain armed with dangerous new technology.","Action, Thriller, Adventure","250000000","774153024","7141","163","EON Productions, Metro-Goldwyn-Mayer","Cary Joji Fukunaga","Daniel Craig, Léa Seydoux, Rami Malek, Lashana Lynch, Ralph Fiennes"
"Nuremberg","2025-11-06","2025.0","7.558","In postwar Germany, an American psychiatrist must determine whether Nazi prisoners are fit to go on trial for war crimes, and finds himself in a complex battle of intellect and ethics with Hermann Göring, Hitler's right-hand man.","History, Drama","11800000","37009109","1107","149","Bluestone Entertainment, Walden Media, Filmsquad, Mythology Entertainment, Titan Media","James Vanderbilt","Rami Malek, Russell Crowe, Michael Shannon, Leo Woodall, John Slattery"
"Kraven the Hunter","2024-12-11","2024.0","6.436","Kraven Kravinoff's complex relationship with his ruthless gangster father, Nikolai, starts him down a path of vengeance with brutal consequences, motivating him to become not only the greatest hunter in the world, but also one of its most feared.","Action, Adventure, Thriller","130000000","62076533","2359","127","Columbia Pictures, Matt Tolmach Productions, Arad Productions, TSG Entertainment II","J.C. Chandor","Aaron Taylor-Johnson, Ariana DeBose, Fred Hechinger, Alessandro Nivola, Christopher Abbott"
"K.G.F: Chapter 2","2022-04-14","2022.0","7.373","The blood-soaked land of Kolar Gold Fields (KGF) has a new overlord now - Rocky, whose name strikes fear in the heart of his foes. His allies look up to Rocky as their Savior, the government sees him as a threat to law and order; enemies are clamoring for revenge and conspiring for his downfall. Bloodier battles and darker days await as Rocky continues on his quest for unchallenged supremacy.","Action, Thriller, Adventure, Crime","13000000","90410749","207","168","Hombale Films, Vaaraahi Chalana Chitram","Prashanth Neel","Yash, Sanjay Dutt, Raveena Tandon, Srinidhi Shetty, Archana Jois"
"The Idea of You","2024-05-02","2024.0","7.28","40-year-old single mom Solène begins an unexpected romance with 24-year-old Hayes Campbell, the lead singer of August Moon, the hottest boy band on the planet. As they begin a whirlwind romance, it isn't long before Hayes' superstar status poses unavoidable challenges to their relationship, and Solène soon discovers that life in the glare of his spotlight might be more than she bargained for.","Music, Comedy, Romance, Drama","0","36178","1959","116","Welle Entertainment, Somewhere Pictures, I'll Have Another, Semi-Formal Productions, Amazon MGM Studios","Michael Showalter","Anne Hathaway, Nicholas Galitzine, Ella Rubin, Annie Mumolo, Reid Scott"
"28 Years Later","2025-06-18","2025.0","6.612","Twenty-eight years after the Rage virus outbreak, a heavily-defended island survives connected to the mainland by a single causeway. When one of the group leaves the island into the dark heart of the mainland, he discovers secrets, wonders, and horrors that have mutated not only the infected but other survivors as well.","Horror, Thriller, Science Fiction","60000000","151308832","2592","115","Columbia Pictures, DNA Films, Decibel Films, TSG Entertainment","Danny Boyle","Aaron Taylor-Johnson, Alfie Williams, Ralph Fiennes, Jodie Comer, Jack O'Connell"
"Animal","2023-12-01","2023.0","6.117","The hardened son of a powerful industrialist returns home after years abroad and vows to take bloody revenge on those threatening his father's life.","Action, Crime, Drama","13000000","108300000","191","201","T-Series, Bhadrakali Pictures, ST Film","Sandeep Reddy Vanga","Ranbir Kapoor, Rashmika Mandanna, Anil Kapoor, Bobby Deol, Triptii Dimri"
"Thunderbolts*","2025-04-30","2025.0","7.291","After finding themselves ensnared in a death trap, seven disillusioned castoffs must embark on a dangerous mission that will force them to confront the darkest corners of their pasts.","Action, Science Fiction, Adventure","180000000","382436917","3576","127","Marvel Studios, Kevin Feige Productions","Jake Schreier","Florence Pugh, Sebastian Stan, Julia Louis-Dreyfus, Lewis Pullman, David Harbour"
"The Voyeurs","2021-08-25","2021.0","6.521","When Pippa and Thomas move into their dream apartment, they notice that their windows look directly into the apartment opposite – inviting them to witness the volatile relationship of the attractive couple across the street. But what starts as a simple curiosity turns into full-blown obsession with increasingly dangerous consequences.","Thriller","0","0","1195","117","Divide / Conquer","Michael Mohan","Sydney Sweeney, Justice Smith, Ben Hardy, Natasha Liu Bordizzo, Katharine King So"
"The Beekeeper","2024-01-08","2024.0","7.266","One man's campaign for vengeance takes on national stakes after he is revealed to be a former operative of a powerful and clandestine organization known as Beekeepers.","Action, Crime, Thriller","35000000","162619535","4279","106","Miramax, Cedar Park Entertainment, Punch Palace Productions","David Ayer","Jason Statham, Emmy Raver-Lampman, Josh Hutcherson, Jeremy Irons, Bobby Naderi"
"RRR","2022-03-24","2022.0","7.713","A fictional history of two legendary revolutionaries' journey away from home before they began fighting for their country in the 1920s.","Action, History, Drama","69000000","160000000","1607","187","DVV Entertainment","S. S. Rajamouli","N.T. Rama Rao Jr., Ram Charan, Olivia Morris, Ray Stevenson, Alison Doody"
"Elio","2025-06-18","2025.0","6.916","Elio, a space fanatic with an active imagination, finds himself on a cosmic misadventure where he must form new bonds with eccentric alien lifeforms, navigate a crisis of intergalactic proportions and somehow discover who he is truly meant to be.","Adventure, Animation, Comedy, Family, Science Fiction","150000000","154291182","1004","98","Pixar","Madeline Sharafian","Yonas Kibreab, Remy Edgerly, Zoe Saldaña, Brad Garrett, Brandon Moon"
"Fantastic Beasts: The Secrets of Dumbledore","2022-04-06","2022.0","6.627","Professor Albus Dumbledore knows the powerful, dark wizard Gellert Grindelwald is moving to seize control of the wizarding world. Unable to stop him alone, he entrusts magizoologist Newt Scamander to lead an intrepid team of wizards and witches. They soon encounter an array of old and new beasts as they clash with Grindelwald's growing legion of followers.","Fantasy, Adventure","200000000","407200000","5112","142","Warner Bros. Pictures, Heyday Films","David Yates","Eddie Redmayne, Jude Law, Mads Mikkelsen, Ezra Miller, Dan Fogler"
"The Roundup","2022-05-18","2022.0","7.34","The 'Beast Cop' Ma Seok-do heads to a foreign country to extradite a suspect, but soon after his arrival, he discovers additional murder cases and hears about a vicious killer who has been committing crimes against tourists for several years.","Action, Crime, Thriller, Adventure","7600000","101166707","440","106","BA Entertainment, Hong Film, Big Punch Pictures","Lee Sang-yong","Don Lee, Son Suk-ku, Choi Gwi-hwa, Park Ji-hwan, Heo Dong-won"
"Zack Snyder's Justice League","2021-03-18","2021.0","8.09","Determined to ensure Superman's ultimate sacrifice was not in vain, Bruce Wayne aligns forces with Diana Prince with plans to recruit a team of metahumans to protect the world from an approaching threat of catastrophic proportions.","Action, Adventure, Fantasy","70000000","0","10858","242","Warner Bros. Pictures, The Stone Quarry, Atlas Entertainment, Access Entertainment, Dune Entertainment, DC Films","Zack Snyder","Ben Affleck, Henry Cavill, Gal Gadot, Ray Fisher, Jason Momoa"
"Transformers: Rise of the Beasts","2023-06-06","2023.0","7.17","When a new threat capable of destroying the entire planet emerges, Optimus Prime and the Autobots must team up with a powerful faction known as the Maximals. With the fate of humanity hanging in the balance, humans Noah and Elena will do whatever it takes to help the Transformers as they engage in the ultimate battle to save Earth.","Science Fiction, Adventure, Action","195000000","441381193","5291","127","Skydance Media, Paramount Pictures, di Bonaventura Pictures, Bay Films, New Republic Pictures, DeSanto/Murphy Productions, Hasbro","Steven Caple Jr.","Anthony Ramos, Dominique Fishback, Peter Cullen, Ron Perlman, Peter Dinklage"
"Anyone But You","2023-12-21","2023.0","6.766","After an amazing first date, Bea and Ben’s fiery attraction turns ice cold — until they find themselves unexpectedly reunited at a destination wedding in Australia. So they do what any two mature adults would do: pretend to be a couple.","Romance, Comedy","25000000","214891370","3085","103","Olive Bridge Entertainment, Roth-Kirschenbaum Films, SK Global Entertainment, Columbia Pictures","Will Gluck","Sydney Sweeney, Glen Powell, Mia Artemis, Nat Buchanan, GaTa"
"Black Panther: Wakanda Forever","2022-11-09","2022.0","7.006","Queen Ramonda, Shuri, M’Baku, Okoye and the Dora Milaje fight to protect their nation from intervening world powers in the wake of King T’Challa’s death.  As the Wakandans strive to embrace their next chapter, the heroes must band together with the help of War Dog Nakia and Everett Ross and forge a new path for the kingdom of Wakanda.","Action, Adventure, Science Fiction","250000000","859102154","7489","162","Marvel Studios","Ryan Coogler","Letitia Wright, Tenoch Huerta Mejía, Lupita Nyong'o, Danai Gurira, Winston Duke"
"Flow","2024-08-29","2024.0","8.1","A solitary cat, displaced by a great flood, finds refuge on a boat with various species and must navigate the challenges of adapting to a transformed world together.","Adventure, Animation, Family, Fantasy","3700000","17660107","2851","85","Dream Well Studio, Sacrebleu Productions, Take Five, ARTE France Cinéma, RTBF","Gints Zilbalodis","Unknown"
"The Legend of Hei 2","2025-07-18","2025.0","8.5","When an attack shatters the fragile peace between the spirit world and humanity, Hei teams up with Luye, the last disciple of his Shifu Wuxian, to expose a conspiracy that threatens both realms - and the bond they've sworn to protect.","Animation, Fantasy, Action, Adventure","0","67216848","58","119","HMCH","Gu Jie","Shan Xin, Liu Mingyue, Zhu Jing, Luan Lisheng, Fu Chen Yang"
"Minions: The Rise of Gru","2022-06-29","2022.0","7.3","A fanboy of a supervillain supergroup known as the Vicious 6, Gru hatches a plan to become evil enough to join them, with the backup of his followers, the Minions.","Comedy, Crime, Science Fiction, Animation, Family","85000000","940203765","4023","87","Universal Pictures, Illumination","Kyle Balda","Steve Carell, Pierre Coffin, Alan Arkin, Taraji P. Henson, Julie Andrews"
"Pleasure","2021-10-08","2021.0","6.272","19 year old Linnéa leaves her small town in Sweden and heads for Los Angeles with the aim of becoming the world's next big porn star, but the road to her goal turns out to be bumpier than she imagined.","Drama","1800000","393824","797","108","Film i Väst, Flamboyance Films, Lemming Film, Plattform Produktion, SVT, Logical Pictures, Grand Slam Film Production, SF Studios","Ninja Thyberg","Sofia Kappel, Zelda Morrison, Tee Reel, Evelyn Claire, Chris Cock"
"Soul","2020-12-25","2020.0","8.092","Joe Gardner is a middle school teacher with a love for jazz music. After a successful audition at the Half Note Club, he suddenly gets into an accident that separates his soul from his body and is transported to the You Seminar, a center in which souls develop and gain passions before being transported to a newborn child. Joe must enlist help from the other souls-in-training, like 22, a soul who has spent eons in the You Seminar, in order to get back to Earth.","Animation, Family, Drama, Music, Fantasy","150000000","121977511","11445","101","Pixar","Pete Docter","Jamie Foxx, Tina Fey, Graham Norton, Rachel House, Alice Braga"
"Furiosa: A Mad Max Saga","2024-05-22","2024.0","7.454","As the world falls, young Furiosa is snatched from the Green Place of Many Mothers into the hands of a great biker horde led by the warlord Dementus. Sweeping through the wasteland, they encounter the citadel presided over by Immortan Joe. The two tyrants wage war for dominance, and Furiosa must survive many trials as she puts together the means to find her way home.","Action, Science Fiction, Adventure","168000000","174287546","4906","149","Warner Bros. Pictures, Kennedy Miller Mitchell, Domain Entertainment","George Miller","Anya Taylor-Joy, Chris Hemsworth, Tom Burke, Alyla Browne, George Shevtsov"
"Anora","2024-10-14","2024.0","7.07","A young sex worker from Brooklyn gets her chance at a Cinderella story when she meets and impulsively marries the son of an oligarch. Once the news reaches Russia, her fairytale is threatened as his parents set out to get the marriage annulled.","Drama, Comedy, Romance","6000000","56286295","3187","139","Cre Film, FilmNation Entertainment","Sean Baker","Mikey Madison, Mark Eydelshteyn, Yura Borisov, Karren Karagulian, Vache Tovmasyan"
"Ice Road: Vengeance","2025-06-27","2025.0","6.243","Big rig ice road driver Mike McCann travels to Nepal to scatter his late brother’s ashes on Mt. Everest. While on a packed tour bus traversing the deadly 12,000 ft. terrain of the infamous Road to the Sky, McCann and his mountain guide encounter a group of mercenaries and must fight to save themselves, the busload of innocent travelers, and the local villagers’ homeland.","Action, Thriller, Drama","0","0","635","113","Code Entertainment, Shivhans Pictures, Envision Media Arts, The Solution","Jonathan Hensleigh","Liam Neeson, Fan Bingbing, Marcus Thomas, Grace O'Sullivan, Saksham Sharma"
"Insidious: The Red Door","2023-07-05","2023.0","6.5","To put their demons to rest once and for all, Josh Lambert and a college-aged Dalton Lambert must go deeper into The Further than ever before, facing their family's dark past and a host of new and more horrifying terrors that lurk behind the red door.","Horror, Thriller","16000000","189086877","1972","107","Blumhouse Productions, Stage 6 Films, Screen Gems","Patrick Wilson","Rose Byrne, Ty Simpkins, Patrick Wilson, Lin Shaye, Sinclair Daniel"
"Turning Red","2022-03-10","2022.0","7.335","Thirteen-year-old Mei is experiencing the awkwardness of being a teenager with a twist – when she gets too excited, she transforms into a giant red panda.","Animation, Family, Comedy, Fantasy","175000000","21813358","5881","100","Pixar","Domee Shi","Rosalie Chiang, Sandra Oh, Ava Morse, Hyein Park, Maitreyi Ramakrishnan"
"Encanto","2021-10-13","2021.0","7.569","The tale of an extraordinary family, the Madrigals, who live hidden in the mountains of Colombia, in a magical house, in a vibrant town, in a wondrous, charmed place called an Encanto. The magic of the Encanto has blessed every child in the family—every child except one, Mirabel. But when she discovers that the magic surrounding the Encanto is in danger, Mirabel decides that she, the only ordinary Madrigal, might just be her exceptional family's last hope.","Animation, Comedy, Family, Fantasy","150000000","261292688","10221","102","Walt Disney Animation Studios","Byron Howard","Stephanie Beatriz, María Cecilia Botero, John Leguizamo, Diane Guerrero, Jess Darrow"
"Black Widow","2021-07-07","2021.0","7.168","Natasha Romanoff, also known as Black Widow, confronts the darker parts of her ledger when a dangerous conspiracy with ties to her past arises. Pursued by a force that will stop at nothing to bring her down, Natasha must deal with her history as a spy and the broken relationships left in her wake long before she became an Avenger.","Action, Adventure, Science Fiction","200000000","379751131","11269","134","Marvel Studios","Cate Shortland","Scarlett Johansson, Florence Pugh, Rachel Weisz, David Harbour, Ray Winstone"
"After We Collided","2020-09-02","2020.0","7.2","Tessa finds herself struggling with her complicated relationship with Hardin; she faces a dilemma that could change their lives forever.","Drama, Romance","14000000","47990414","5463","105","Voltage Pictures, Offspring Entertainment, Frayed Pages Media, Wattpad","Roger Kumble","Josephine Langford, Hero Fiennes Tiffin, Dylan Sprouse, Louise Lombard, Charlie Weber"
"Sonic the Hedgehog","2020-02-12","2020.0","7.282","Powered with incredible speed, Sonic The Hedgehog embraces his new home on Earth. That is, until Sonic sparks the attention of super-uncool evil genius Dr. Robotnik. Now it’s super-villain vs. super-sonic in an all-out race across the globe to stop Robotnik from using Sonic’s unique power for world domination.","Action, Science Fiction, Comedy, Family","85000000","319715683","10409","99","Original Film, Blur Studio, Marza Animation Planet, Paramount Pictures, SEGA, SEGA of America","Jeff Fowler","Ben Schwartz, James Marsden, Tika Sumpter, Jim Carrey, Natasha Rothwell"
"The Suicide Squad","2021-07-28","2021.0","7.459","Supervillains Harley Quinn, Bloodsport, Peacemaker and a collection of nutty cons at Belle Reve prison join the super-secret, super-shady Task Force X as they are dropped off at the remote, enemy-infused island of Corto Maltese.","Action, Comedy, Adventure","185000000","168717425","9609","132","DC Films, Atlas Entertainment, The Safran Company, Warner Bros. Pictures","James Gunn","Margot Robbie, Idris Elba, John Cena, Joel Kinnaman, Sylvester Stallone"
"Burning Betrayal","2023-10-25","2023.0","6.254","Babi discovers a betrayal by her long-term partner and decides to embark on a new adventure in life. On this journey, she meets judge Marco and they begin to live a story permeated by a lot of sexual tension.","Drama, Mystery, Romance","0","0","244","99","Glaz Entretenimento","Diego Freitas","Giovanna Lancellotti, Leandro Lima, Camilla de Lucas, Bruno Montaleone, Micael Borges"
"The Flash","2023-06-13","2023.0","6.617","When his attempt to save his family inadvertently alters the future, Barry Allen becomes trapped in a reality in which General Zod has returned and there are no Super Heroes to turn to. In order to save the world that he is in and return to the future that he knows, Barry's only hope is to race for his life. But will making the ultimate sacrifice be enough to reset the universe?","Action, Science Fiction, Adventure","220000000","271333313","5012","144","Warner Bros. Pictures, Double Dream, The Disco Factory, DC Films","Andy Muschietti","Ezra Miller, Sasha Calle, Michael Keaton, Michael Shannon, Ron Livingston"
"Primitive War","2025-08-21","2025.0","6.603","During the Vietnam War, a recon unit ventures to an isolated jungle valley to uncover the fate of a missing platoon. They soon find themselves in a fight for their lives against an unexpected enemy — prehistoric dinosaurs.","Action, Horror, War, Science Fiction","0","217753","346","133","Sparke Films","Luke Sparke","Jeremy Piven, Tricia Helfer, Ryan Kwanten, Nick Wechsler, Anthony Ingruber"
"Road House","2024-03-08","2024.0","6.942","Ex-UFC fighter Dalton takes a job as a bouncer at a Florida Keys roadhouse, only to discover that this paradise is not all it seems.","Action, Thriller, Drama","85000000","0","3068","121","Silver Pictures, Amazon MGM Studios","Doug Liman","Jake Gyllenhaal, Conor McGregor, Billy Magnussen, Travis Van Winkle, Darren Barnet"
"Play Dirty","2025-09-30","2025.0","6.58","Expert thief Parker gets a shot at a major heist, but to pull it off he and his team must outsmart a South American dictator, the New York mob, and the world's richest man.","Crime, Action, Thriller, Drama","2500000","0","634","128","Team Downey, Amazon MGM Studios","Shane Black","Mark Wahlberg, LaKeith Stanfield, Rosa Salazar, Keegan-Michael Key, Chukwudi Iwuji"
"Scream VI","2023-03-08","2023.0","6.943","Following the latest Ghostface killings, the four survivors leave Woodsboro behind and start a fresh chapter.","Horror, Thriller, Crime","33000000","169063850","3207","123","Radio Silence, Project X Entertainment, Spyglass Media Group, Paramount Pictures","Matt Bettinelli-Olpin","Melissa Barrera, Jenna Ortega, Jasmin Savoy Brown, Mason Gooding, Jack Champion"
"Alien: Romulus","2024-08-13","2024.0","7.163","While scavenging the deep ends of a derelict space station, a group of young space colonizers come face to face with the most terrifying life form in the universe.","Horror, Science Fiction","80000000","350865342","4582","119","20th Century Studios, Scott Free Productions, Brandywine Productions, TSG Entertainment","Fede Álvarez","Cailee Spaeny, David Jonsson, Archie Renaux, Isabela Merced, Spike Fearn"
"Free Guy","2021-08-11","2021.0","7.451","A bank teller discovers he is actually a background player in an open-world video game, and decides to become the hero of his own story. Now, in a world where there are no limits, he is determined to be the guy who saves his world his way before it's too late.","Comedy, Adventure, Science Fiction","110000000","331526598","9855","115","Berlanti Productions, 21 Laps Entertainment, Maximum Effort, Lit Entertainment Group, 20th Century Studios","Shawn Levy","Ryan Reynolds, Jodie Comer, Lil Rel Howery, Joe Keery, Utkarsh Ambudkar"
"Kingdom of the Planet of the Apes","2024-05-08","2024.0","7.1","Several generations following Caesar's reign, apes – now the dominant species – live harmoniously while humans have been reduced to living in the shadows. As a new tyrannical ape leader builds his empire, one young ape undertakes a harrowing journey that will cause him to question all he's known about the past and to make choices that will define a future for apes and humans alike.","Science Fiction, Adventure, Action","160000000","397378150","4269","145","20th Century Studios, Oddball Entertainment, Jason T. Reed Productions","Wes Ball","Owen Teague, Freya Allan, Kevin Durand, Peter Macon, William H. Macy"
"Suzume","2022-11-11","2022.0","7.887","Suzume, 17, lost her mother as a little girl. On her way to school, she meets a mysterious young man. But her curiosity unleashes a calamity that endangers the entire population of Japan, and so Suzume embarks on a journey to set things right.","Animation, Drama, Adventure, Fantasy","13000000","314992206","1748","122","CoMix Wave Films, Story, Lawson Entertainment, jeki, voque ting, KADOKAWA, Aniplex, TOHO","Makoto Shinkai","Nanoka Hara, Hokuto Matsumura, Eri Fukatsu, Shota Sometani, Sairi Ito"
"Deep Water","2022-03-17","2022.0","5.82","A well-to-do husband who allows his wife to have affairs in order to avoid a divorce becomes a prime suspect in the disappearance of her lovers.","Drama, Mystery, Thriller","49000000","0","1648","116","New Regency Pictures, Entertainment 360, Film Rites, Keep Your Head Productions","Adrian Lyne","Ben Affleck, Ana de Armas, Tracy Letts, Lil Rel Howery, Dash Mihok"
"Evil Dead Rise","2023-04-12","2023.0","6.93","A reunion between two estranged sisters gets cut short by the rise of flesh-possessing demons, thrusting them into a primal battle for survival as they face the most nightmarish version of family imaginable.","Horror, Thriller","15000000","147256372","3700","96","Pacific Renaissance Pictures, Wild Atlantic Pictures, New Line Cinema, Renaissance Pictures","Lee Cronin","Lily Sullivan, Alyssa Sutherland, Morgan Davies, Gabrielle Echols, Nell Fisher"
"Jujutsu Kaisen 0","2021-12-24","2021.0","8.104","Yuta Okkotsu is a nervous high school student who is suffering from a serious problem—his childhood friend Rika has turned into a curse and won't leave him alone. Since Rika is no ordinary curse, his plight is noticed by Satoru Gojo, a teacher at Jujutsu High, a school where fledgling exorcists learn how to combat curses. Gojo convinces Yuta to enroll, but can he learn enough in time to confront the curse that haunts him?","Animation, Action, Fantasy","0","195870885","1766","105","MAPPA, Shueisha, Sumzap, MBS, TOHO","Sunghoo Park","Megumi Ogata, Kana Hanazawa, Yuichi Nakamura, Takahiro Sakurai, Mikako Komatsu"
"In Your Dreams","2025-11-07","2025.0","6.968","Stevie and her little brother Elliot journey into the wildly absurd landscape of their own dreams to ask the Sandman to grant them the perfect family.","Adventure, Animation, Comedy, Family, Fantasy","0","0","222","87","Kuku Studios, Netflix Animation Studios","Alexander Woo","Jolie Hoang-Rappaport, Elias Janssen, Simu Liu, Craig Robinson, Cristin Milioti"
"Bugonia","2025-10-23","2025.0","7.321","Two conspiracy obsessed young men kidnap the high-powered CEO of a major company, convinced that she is an alien intent on destroying planet Earth.","Science Fiction, Thriller, Comedy","55000000","43500000","1993","119","Element Pictures, Square Peg, Fremantle, Pith Quest Films, Fruit Tree, CJ ENM","Yorgos Lanthimos","Emma Stone, Jesse Plemons, Aidan Delbis, Stavros Halkias, Alicia Silverstone"
"Wake Up Dead Man: A Knives Out Mystery","2025-11-26","2025.0","7.201","When young priest Jud Duplenticy is sent to assist charismatic firebrand Monsignor Jefferson Wicks, it’s clear that all is not well in the pews. After a sudden and seemingly impossible murder rocks the town, the lack of an obvious suspect prompts local police chief Geraldine Scott to join forces with renowned detective Benoit Blanc to unravel a mystery that defies all logic.","Thriller, Mystery, Comedy","210000000","4000000","2537","145","T-Street","Rian Johnson","Daniel Craig, Josh O'Connor, Glenn Close, Josh Brolin, Mila Kunis"
"Migration","2023-12-06","2023.0","7.354","After a migrating duck family alights on their pond with thrilling tales of far-flung places, the Mallard family embarks on a family road trip, from New England, to New York City, to tropical Jamaica.","Family, Comedy, Adventure, Animation","72000000","298776052","2252","83","Universal Pictures, Illumination","Benjamin Renner","Kumail Nanjiani, Elizabeth Banks, Caspar Jennings, Tresi Gazal, Awkwafina"
"The Shrinking Man","2025-10-22","2025.0","6.063","Paul, is an ordinary man who divides his life between his shipbuilding company, his wife Elise and their daughter Mia. During a sea trip, Paul finds himself confronted with a strange, unexplained meteorological phenomenon. From then on, Paul shrinks inexorably, without science being able to explain why or be of any help to him. When, by accident, he finds himself a prisoner in his own cellar, and while he is only a few centimeters tall, he will have to fight to survive in this banal environment that has become perilous. During this experience, Paul will find himself confronted with himself, with his humanity, and will try to answer the great questions of existence.","Adventure, Science Fiction","24350000","0","136","99","Pitchipoï Productions, TF1 Films Production, uMedia, La Production Dujardin, uFund, Proximus","Jan Kounen","Jean Dujardin, Marie-Josée Croze, Daphné Richard, Serge Swysen, Salim Talbi"
"Bad Boys: Ride or Die","2024-06-05","2024.0","7.3","After their late former Captain is framed, Lowrey and Burnett try to clear his name, only to end up on the run themselves.","Action, Comedy, Crime","100000000","404547819","3343","116","Westbrook, Columbia Pictures, Don Simpson/Jerry Bruckheimer Films, 2.0 Entertainment","Adil El Arbi","Will Smith, Martin Lawrence, Vanessa Hudgens, Alexander Ludwig, Paola Nuñez"
"Terrifier 3","2024-10-09","2024.0","6.786","Five years after surviving Art the Clown's Halloween massacre, Sienna and Jonathan are still struggling to rebuild their shattered lives. As the holiday season approaches, they try to embrace the Christmas spirit and leave the horrors of the past behind. But just when they think they're safe, Art returns, determined to turn their holiday cheer into a new nightmare. The festive season quickly unravels as Art unleashes his twisted brand of terror, proving that no holiday is safe.","Horror","2000000","90322103","1966","125","Dark Age Cinema, Fuzz on the Lens Productions, The Coven","Damien Leone","Lauren LaVera, David Howard Thornton, Samantha Scaffidi, Elliott Fullam, Margaret Anne Florence"
"Alienoid","2022-07-20","2022.0","6.9","Gurus in the late Goryeo dynasty try to obtain a fabled, holy sword, and humans in 2022 hunt down an alien prisoner that is locked in a human's body. The two parties cross paths when a time-traveling portal opens up.","Science Fiction, Action, Fantasy, Adventure","24500000","12109608","543","142","Caper Film, CJ Entertainment","Choi Dong-hoon","Ryu Jun-yeol, Kim Woo-bin, Kim Tae-ri, So Ji-sub, Yum Jung-ah"
"The Little Mermaid","2023-05-18","2023.0","6.27","The youngest of King Triton’s daughters, and the most defiant, Ariel longs to find out more about the world beyond the sea, and while visiting the surface, falls for the dashing Prince Eric. With mermaids forbidden to interact with humans, Ariel makes a deal with the evil sea witch, Ursula, which gives her a chance to experience life on land, but ultimately places her life – and her father’s crown – in jeopardy.","Adventure, Family, Fantasy, Romance","297000000","569626289","3330","135","Walt Disney Pictures, Lucamar Productions, Marc Platt Productions","Rob Marshall","Halle Bailey, Jonah Hauer-King, Melissa McCarthy, Javier Bardem, Noma Dumezweni"
"Luca","2021-06-17","2021.0","7.8","Luca and his best friend Alberto experience an unforgettable summer on the Italian Riviera. But all the fun is threatened by a deeply-held secret: they are sea monsters from another world just below the water’s surface.","Animation, Family, Fantasy","200000000","51074773","8964","95","Pixar","Enrico Casarosa","Jacob Tremblay, Jack Dylan Grazer, Emma Berman, Saverio Raimondo, Maya Rudolph"
"Prey","2022-08-02","2022.0","7.659","When danger threatens her camp, the fierce and highly skilled Comanche warrior Naru sets out to protect her people. But the prey she stalks turns out to be a highly evolved alien predator with a technically advanced arsenal.","Thriller, Action, Science Fiction","65000000","0","7751","100","20th Century Studios, Davis Entertainment, Lawrence Gordon Productions","Dan Trachtenberg","Amber Midthunder, Dakota Beavers, Michelle Thrush, Stormee Kipp, Julian Black Antelope"
"The Naked Gun","2025-07-30","2025.0","6.37","Only one man has the particular set of skills... to lead Police Squad and save the world: Lt. Frank Drebin Jr. Following in his father's footsteps, he must solve a murder case to prevent Police Squad from closure.","Action, Comedy, Crime","42000000","102147396","1756","85","Fuzzy Door Productions, Paramount Pictures, Domain Entertainment","Akiva Schaffer","Liam Neeson, Pamela Anderson, Paul Walter Hauser, Danny Huston, CCH Pounder"
"Wildcat","2025-11-19","2025.0","6.213","An ex-black ops team reunite to pull off a desperate heist in order to save the life of their leader’s eight-year-old daughter.","Action, Thriller","50000","0","176","99","Capstone Pictures, Tea Shop Productions","James Nunn","Kate Beckinsale, Lewis Tan, Alice Krige, Charles Dance, Rasmus Hardiker"
"Nobody","2021-03-18","2021.0","7.877","Hutch Mansell, a suburban dad, overlooked husband, nothing neighbor — a ""nobody."" When two thieves break into his home one night, Hutch's unknown long-simmering rage is ignited and propels him on a brutal path that will uncover dark secrets he fought to leave behind.","Action, Thriller","16000000","57512470","8382","91","87North Productions, OPE Partners, Eighty Two Films","Ilya Naishuller","Bob Odenkirk, Aleksey Serebryakov, Connie Nielsen, Christopher Lloyd, Michael Ironside"
"Gladiator II","2024-11-13","2024.0","6.609","Years after witnessing the death of the revered hero Maximus at the hands of his uncle, Lucius is forced to enter the Colosseum after his home is conquered by the tyrannical Emperors who now lead Rome with an iron fist. With rage in his heart and the future of the Empire at stake, Lucius must look to his past to find strength and honor to return the glory of Rome to its people.","Action, Adventure, Drama","310000000","462180717","4476","148","Paramount Pictures, Scott Free Productions, Lucy Fisher/Douglas Wick Productions","Ridley Scott","Paul Mescal, Denzel Washington, Pedro Pascal, Connie Nielsen, Joseph Quinn"
"Shang-Chi and the Legend of the Ten Rings","2021-09-01","2021.0","7.495","Shang-Chi must confront the past he thought he left behind when he is drawn into the web of the mysterious Ten Rings organization.","Action, Adventure, Fantasy","150000000","432243292","10414","132","Marvel Studios","Destin Daniel Cretton","Simu Liu, Tony Leung Chiu-wai, Awkwafina, Ben Kingsley, Zhang Meng'er"
"The Amateur","2025-04-09","2025.0","6.9","After his life is turned upside down when his wife is killed in a London terrorist attack, a brilliant but introverted CIA decoder takes matters into his own hands when his supervisors refuse to take action.","Thriller, Action","60000000","96000836","1619","123","20th Century Studios, Hutch Parker Entertainment, Joel B. Michaels Productions, TSG Entertainment","James Hawes","Rami Malek, Holt McCallany, Danny Sapani, Rachel Brosnahan, Michael Stuhlbarg"
"Peninsula","2020-07-15","2020.0","6.718","A soldier and his team battle hordes of post-apocalyptic zombies in the wastelands of the Korean Peninsula.","Horror, Action, Thriller, Adventure","17000000","42698327","2588","116","Next Entertainment World, RedPeter Films, Contents Panda, Union Investment Partners, Michigan Venture Capital","Yeon Sang-ho","Gang Dong-won, Lee Jung-hyun, Lee Re, Kwon Hae-hyo, Kim Min-jae"
"Hidden Face","2024-11-20","2024.0","5.1","Su-yeon, a cellist in an orchestra led by her fiancé and conductor Sung-jin, disappears one day, leaving behind only a video recording. Sung-jin is devasted over the loss of Su-yeon, but feels a strong attraction to Mi-ju, a cellist who fills in for his fiancée. Then one rainy night, Sung-jin and Mi-ju get swept away by their mutual desires for each other and commit an unforgivable act at Su-yeon's house.","Mystery, Thriller","0","0","66","113","Studio & New","Kim Dae-woo","Song Seung-heon, Cho Yeo-jeong, Park Ji-hyun, Park Ji-young, Park Seong-geun"
"Mickey 17","2025-02-28","2025.0","6.8","Unlikely hero Mickey Barnes finds himself in the extraordinary circumstance of working for an employer who demands the ultimate commitment to the job… to die, for a living.","Science Fiction, Comedy, Adventure","118000000","133542263","3606","137","Plan B Entertainment, Offscreen, Kate Street Picture Company, Domain Entertainment, Warner Bros. Pictures","Bong Joon Ho","Robert Pattinson, Naomi Ackie, Steven Yeun, Mark Ruffalo, Toni Collette"
"Expend4bles","2023-09-15","2023.0","6.1","Armed with every weapon they can get their hands on and the skills to use them, The Expendables are the world’s last line of defense and the team that gets called when all other options are off the table. But new team members with new styles and tactics are going to give “new blood” a whole new meaning.","Action, Adventure, Thriller","100000000","37917985","1897","103","Millennium Media, Campbell Grobman Films, Lionsgate, Nu Boyana Film Studios, Templeton Media, Davis Films, Media Capital Technologies","Scott Waugh","Jason Statham, 50 Cent, Megan Fox, Dolph Lundgren, Tony Jaa"
"Playdate","2025-11-04","2025.0","6.094","When out-of-work accountant Brian joins stay-at-home dad Jeff for a playdate with their sons, he expects a laid-back afternoon. Instead, they're chased by mercenaries, and Brian—totally unprepared—must survive one absurd obstacle after another.","Action, Comedy, Family","0","0","606","93","Amazon MGM Studios, Nickel City Pictures, A Higher Standard, Wide Awake Pictures, Arcana Studio","Luke Greenfield","Alan Ritchson, Kevin James, Banks Pierce, Benjamin Pajak, Alan Tudyk"
"Last Summer","2023-09-13","2023.0","6.095","One summer, a French teenager who has been living with his mother in the city moves in with his estranged father’s family in the countryside, where he clashes with his stepmother.","Drama","0","1022551","247","104","SBS Productions","Catherine Breillat","Léa Drucker, Samuel Kircher, Olivier Rabourdin, Clotilde Courau, Serena Hu"
"Sidelined: The QB and Me","2025-02-06","2025.0","6.236","Dallas, a burdened but headstrong dancer, is determined to get into the best dance school in the country—her late mother’s alma mater. However, that dream is suddenly derailed when the cheeky yet secretly grieving football star, Drayton, crashes into her life with a unique story of his own. Will the two of them be able to grow into their dreams together, or will their dreams be sidelined?","Comedy, Romance","0","0","233","99","Great Pacific Media, Thunderbird Entertainment, Wattpad, Marshall Arts Studios","Justin Wu","Siena Agudong, Noah Beck, Drew Ray Tanner, James Van Der Beek, Deborah Cox"
"The Tank","2025-09-18","2025.0","7.102","A German Tiger tank crew is sent on a dangerous mission to rescue the missing officer Paul von Hardenburg from a top-secret bunker behind enemy lines. As they make their way through the lethal no-man's land, they must confront not only the enemy, but also their own fears and inner demons. Fueled by the Wehrmacht's methamphetamine, their mission increasingly becomes a journey into the heart of darkness.","War, Action, Drama","0","0","440","117","Pantaleon Films","Dennis Gansel","Laurence Rupp, David Schütter, Sebastian Urzendowsky, Leonard Kunz, Yoran Leicher"
"Sing 2","2021-12-01","2021.0","7.834","Buster and his new cast now have their sights set on debuting a new show at the Crystal Tower Theater in glamorous Redshore City. But with no connections, he and his singers must sneak into the Crystal Entertainment offices, run by the ruthless wolf mogul Jimmy Crystal, where the gang pitches the ridiculous idea of casting the lion rock legend Clay Calloway in their show. Buster must embark on a quest to find the now-isolated Clay and persuade him to return to the stage.","Animation, Comedy, Family, Music","85000000","408402685","4788","110","Illumination","Garth Jennings","Matthew McConaughey, Reese Witherspoon, Scarlett Johansson, Taron Egerton, Bobby Cannavale"
"The Lost City","2022-03-23","2022.0","6.456","Reclusive author Loretta Sage writes about exotic places in her popular adventure novels that feature a handsome cover model named Alan. While on tour promoting her new book with Alan, Loretta gets kidnapped by an eccentric billionaire who hopes she can lead him to the ancient city's lost treasure that featured in her latest story. Alan, determined to prove he can be a hero in real life and not just on the pages of her books, sets off to rescue her.","Action, Adventure, Comedy","74000000","192907684","4005","112","Fortis Films, 3dot Productions, Exhibit A","Aaron Nee","Sandra Bullock, Channing Tatum, Daniel Radcliffe, Da'Vine Joy Randolph, Brad Pitt"
"You Won't Be Alone","2022-04-01","2022.0","6.6","In an isolated mountain village in 19th century Macedonia, a young feral witch accidentally kills a peasant. She assumes the peasant's shape to see what life is like in her skin, igniting a deep seated curiosity to experience life inside the bodies of others.","Horror, Drama","0","125000","354","108","Causeway Films, Head Gear Films, Metrol Technology","Goran Stolevski","Sara Klimoska, Anamaria Marinca, Alice Englert, Félix Maritaud, Carloto Cotta"
"Demon Slayer -Kimetsu no Yaiba- The Movie: Mugen Train","2020-10-16","2020.0","8.216","Tanjiro Kamado, joined with Inosuke Hashibira, a boy raised by boars who wears a boar's head, and Zenitsu Agatsuma, a scared boy who reveals his true power when he sleeps, boards the Infinity Train on a new mission with the Fire Hashira, Kyojuro Rengoku, to defeat a demon who has been tormenting the people and killing the demon slayers who oppose it!","Animation, Action, Fantasy","15700000","523542183","4542","117","ufotable, Aniplex, Shueisha, TOHO","Haruo Sotozaki","Natsuki Hanae, Akari Kito, Hiro Shimono, Yoshitsugu Matsuoka, Satoshi Hino"
"Nobody 2","2025-08-13","2025.0","6.938","Former assassin Hutch Mansell takes his family on a nostalgic vacation to a small-town theme park, only to be pulled back into violence when they clash with a corrupt operator, a crooked sheriff, and a ruthless crime boss.","Action, Thriller, Comedy","25000000","43285109","1598","89","Universal Pictures, 87North Productions, OPE Partners, Eighty Two Films","Timo Tjahjanto","Bob Odenkirk, Connie Nielsen, John Ortiz, Colin Hanks, RZA"
"Redeeming Love","2022-01-21","2022.0","7.848","A young couple's relationship clashes with the harsh realities of the California Gold Rush of 1850. Angel, experiencing love for the first time and facing demons unsurmountable, runs from the new life she doesn't believe she deserves. When Michael sets out to find her, Angel discovers that she indeed has the power to choose the life she wants.","Romance, Drama, Western","30000000","9464198","748","134","Mission Pictures International, Advantage Entertainment, Pinnacle Peak Pictures, Nthibah Pictures, Universal Pictures","D.J. Caruso","Abigail Cowen, Tom Lewis, Eric Dane, Famke Janssen, Logan Marshall-Green"
"Scream","2022-01-12","2022.0","6.7","Twenty-five years after a streak of brutal murders shocked the quiet town of Woodsboro, a new killer has donned the Ghostface mask and begins targeting a group of teenagers to resurrect secrets from the town’s deadly past.","Horror, Mystery","24000000","138874789","3894","114","Paramount Pictures, Project X Entertainment, Radio Silence, Spyglass Media Group","Tyler Gillett","Melissa Barrera, Jenna Ortega, Mason Gooding, Jasmin Savoy Brown, Jack Quaid"
"The Garfield Movie","2024-04-30","2024.0","6.987","Garfield, the world-famous, Monday-hating, lasagna-loving indoor cat, is about to have a wild outdoor adventure! After an unexpected reunion with his long-lost father – scruffy street cat Vic – Garfield and his canine friend Odie are forced from their perfectly pampered life into joining Vic in a hilarious, high-stakes heist.","Adventure, Animation, Comedy, Family","60000000","254907482","1445","101","Alcon Entertainment, DNEG, Wayfarer Studios, One Cool Group, Stage 6 Films, Andrews McMeel Entertainment, John Cohen Productions","Mark Dindal","Chris Pratt, Samuel L. Jackson, Hannah Waddingham, Ving Rhames, Nicholas Hoult"
"The Lost Bus","2025-09-19","2025.0","7.033","A determined father risks everything to rescue a dedicated teacher and her students from a raging wildfire.","Drama, Thriller","0","0","738","130","Blumhouse Productions, Comet Pictures, Apple Studios","Paul Greengrass","Matthew McConaughey, America Ferrera, Yul Vazquez, Ashlie Atkinson, Kimberli Flores"
"The Equalizer 3","2023-08-30","2023.0","7.291","Robert McCall finds himself at home in Southern Italy but he discovers his friends are under the control of local crime bosses. As events turn deadly, McCall knows what he has to do: become his friends' protector by taking on the mafia.","Action, Thriller, Crime","70000000","191067560","3740","109","Columbia Pictures, Eagle Pictures, Escape Artists, ZHIV Productions","Antoine Fuqua","Denzel Washington, Dakota Fanning, Eugenio Mastrandrea, David Denman, Gaia Scodellaro"
"Sonic the Hedgehog 2","2022-03-30","2022.0","7.426","After settling in Green Hills, Sonic is eager to prove he has what it takes to be a true hero. His test comes when Dr. Robotnik returns, this time with a new partner, Knuckles, in search for an emerald that has the power to destroy civilizations. Sonic teams up with his own sidekick, Tails, and together they embark on a globe-trotting journey to find the emerald before it falls into the wrong hands.","Action, Adventure, Family, Comedy","110000000","405421518","5885","123","Original Film, Blur Studio, Marza Animation Planet, Paramount Pictures, SEGA, SEGA of America","Jeff Fowler","Ben Schwartz, James Marsden, Tika Sumpter, Colleen O'Shaughnessey, Idris Elba"
"Wolfs","2024-09-20","2024.0","6.543","Hired to cover up a high-profile crime, a fixer soon finds his night spiralling out of control when he's forced to work with an unexpected counterpart.","Crime, Comedy","80000000","0","1460","108","Smokehouse Pictures, Plan B Entertainment, Apple Studios, Freshman Year","Jon Watts","George Clooney, Brad Pitt, Austin Abrams, Amy Ryan, Poorna Jagannathan"
